# Blender 3.6.23
# www.blender.org
o 瓦罐_Back.014
v -41.171379 -16.514975 -4.999971
v -39.629803 -15.692799 -4.999971
v -41.171379 -16.514975 0.000029
v -41.171371 -36.712791 -4.999971
v -12.989380 -46.161900 -4.999971
v -41.171371 -36.712791 0.000029
v -29.505644 -32.783504 -4.999971
v -29.505642 -32.783504 0.000029
v -29.180487 -33.270138 -4.999972
v -29.619823 -32.209476 -4.999971
v -29.619822 -32.209476 0.000029
v -29.505644 -31.635452 -4.999971
v -29.180487 -31.148819 -4.999972
v -29.505642 -31.635452 0.000029
v -29.180485 -31.148819 0.000029
v -28.693850 -30.823662 0.000028
v -28.119823 -30.709480 0.000028
v -28.693851 -30.823662 -4.999971
v -28.119825 -30.709480 -4.999971
v -27.545799 -30.823662 -4.999971
v -27.059164 -31.148819 -4.999971
v -27.545797 -30.823662 0.000029
v -27.059162 -31.148819 0.000029
v -26.734003 -31.635452 0.000029
v -26.619823 -32.209476 0.000029
v -26.734005 -31.635452 -4.999971
v -26.619825 -32.209476 -4.999971
v -12.989387 -31.190929 -4.999971
v -26.734005 -32.783504 -4.999971
v -27.059164 -33.270138 -4.999971
v -26.734003 -32.783504 0.000029
v -27.059162 -33.270138 0.000029
v -27.545797 -33.595299 0.000029
v -28.119820 -33.709476 0.000028
v -27.545799 -33.595299 -4.999971
v -28.119822 -33.709476 -4.999971
v -28.693851 -33.595299 -4.999971
v -28.693850 -33.595299 0.000028
v -29.180485 -33.270138 0.000029
v -0.497810 -31.190929 -4.999972
v -12.989388 -31.190929 0.000029
v -12.989382 -46.161900 0.000029
v -0.497812 -31.190929 0.000029
v -0.497809 -41.661892 0.000029
v 34.408741 -41.661877 0.000028
v -0.497807 -41.661892 -4.999972
v 34.408741 -41.661877 -4.999971
v 40.793583 -36.342381 -4.999971
v 40.509903 -33.462154 -4.999971
v 40.793583 -36.342381 0.000028
v 40.509903 -33.462154 0.000028
v 40.793583 -30.581934 0.000028
v 41.633709 -27.812397 0.000029
v 40.793583 -30.581934 -4.999971
v 41.633709 -27.812397 -4.999971
v 42.998001 -25.259970 -4.999971
v 44.834049 -23.022755 -4.999971
v 42.998001 -25.259970 0.000028
v 44.834049 -23.022755 0.000029
v 47.071262 -21.186714 0.000029
v 48.792027 -20.266949 0.000028
v 47.071262 -21.186714 -4.999971
v 48.792027 -20.266949 -4.999971
v 46.361813 -16.725784 -4.999971
v 40.503815 -11.381650 -4.999971
v 46.361813 -16.725784 0.000028
v 40.503815 -11.381650 0.000028
v 34.131943 -8.606812 0.000028
v 28.787811 -7.065235 0.000028
v 31.880171 -20.709454 0.000028
v 34.131943 -8.606812 -4.999971
v 31.880171 -20.709454 -4.999971
v 28.787811 -7.065235 -4.999971
v 25.144707 -6.182058 -4.999972
v 25.144709 -6.182058 0.000029
v 25.057520 -7.371335 -4.999972
v 24.432178 -10.140879 -4.999971
v 25.057522 -7.371335 0.000029
v 24.432180 -10.140879 0.000029
v 23.416681 -12.693299 0.000028
v 23.416679 -12.693299 -4.999971
v 22.050035 -14.930514 0.000029
v 22.050034 -14.930514 -4.999971
v 20.384787 -16.766554 0.000028
v 20.384785 -16.766554 -4.999971
v 18.484911 -18.130848 0.000029
v 18.484909 -18.130848 -4.999971
v 16.423431 -18.970980 0.000029
v 30.494352 -21.635433 0.000029
v 30.494350 -21.635433 -4.999971
v 30.819511 -21.148800 0.000029
v 30.380173 -22.209455 0.000029
v 30.380171 -22.209455 -4.999971
v 30.494352 -22.783478 0.000029
v 30.494350 -22.783478 -4.999971
v 30.819511 -23.270113 0.000029
v 30.819510 -23.270113 -4.999972
v 31.306149 -23.595280 0.000028
v 31.880171 -23.709452 0.000028
v 31.306149 -23.595280 -4.999971
v 31.880171 -23.709452 -4.999971
v 32.454201 -23.595280 -4.999971
v 32.940834 -23.270113 -4.999971
v 32.454201 -23.595280 0.000029
v 32.940834 -23.270113 0.000029
v 33.265991 -22.783478 0.000029
v 33.265991 -22.783478 -4.999971
v 33.380173 -22.209455 0.000029
v 33.380173 -22.209455 -4.999971
v 33.265991 -21.635433 0.000029
v 32.940834 -21.148800 0.000029
v 33.265991 -21.635433 -4.999971
v 32.940834 -21.148800 -4.999971
v 32.454201 -20.823633 -4.999971
v 32.454201 -20.823633 0.000029
v 30.819510 -21.148800 -4.999972
v 31.306149 -20.823633 0.000028
v 31.306149 -20.823633 -4.999971
v 14.279557 -19.254660 0.000028
v 16.423429 -18.970980 -4.999971
v 14.279555 -19.254660 -4.999971
v 12.135681 -18.970987 -4.999971
v 12.135683 -18.970987 0.000028
v 10.074198 -18.130852 -4.999971
v 10.074197 -18.130852 0.000029
v 8.174326 -16.766562 -4.999971
v 6.509070 -14.930522 -4.999971
v 8.174324 -16.766562 0.000029
v 6.509071 -14.930522 0.000028
v 5.142426 -12.693306 0.000029
v 5.142425 -12.693306 -4.999972
v 4.126927 -10.140886 0.000029
v 3.501581 -7.371342 0.000028
v 4.126925 -10.140886 -4.999971
v 3.501579 -7.371342 -4.999971
v 3.369324 -5.567296 -4.999971
v 0.833843 -5.934758 -4.999971
v 3.369322 -5.567296 0.000028
v 0.833841 -5.934758 0.000028
v -5.229702 -7.681882 0.000028
v -5.229700 -7.681882 -4.999971
v -12.218190 -10.970587 0.000029
v -12.218192 -10.970587 -4.999971
v -17.151241 -13.950972 0.000028
v -17.151243 -13.950972 -4.999971
v -20.131628 -16.211958 0.000028
v -21.646025 -17.382174 0.000029
v -20.131628 -16.211958 -4.999971
v -21.646027 -17.382174 -4.999971
v -22.747400 -18.242626 -4.999971
v -23.401346 -18.965406 -4.999972
v -22.747398 -18.242626 0.000028
v -23.401344 -18.965406 0.000029
v -23.848782 -19.412844 0.000029
v -23.848783 -19.412844 -4.999971
v -24.227375 -19.550516 0.000029
v -24.227377 -19.550516 -4.999971
v -24.846903 -19.584936 0.000028
v -24.846905 -19.584936 -4.999971
v -25.569683 -19.584936 0.000028
v -25.569685 -19.584936 -4.999971
v -26.326881 -19.275171 0.000029
v -27.049662 -18.793320 0.000029
v -26.326883 -19.275171 -4.999972
v -27.049664 -18.793320 -4.999971
v -27.910116 -17.932867 -4.999971
v -28.770569 -17.141251 -4.999971
v -27.910114 -17.932867 0.000028
v -28.770567 -17.141251 0.000028
v -29.527771 -16.590559 0.000029
v -29.527773 -16.590559 -4.999971
v -30.642914 -15.854011 0.000028
v -30.642916 -15.854011 -4.999971
v -31.764946 -15.317088 0.000029
v -31.764946 -15.317088 -4.999971
v -32.900734 -14.972908 0.000029
v -32.900734 -14.972908 -4.999971
v -34.483971 -14.835237 0.000028
v -36.067204 -14.869658 0.000029
v -34.483971 -14.835237 -4.999971
v -36.067204 -14.869658 -4.999971
v -38.088226 -15.212393 -4.999971
v -38.088226 -15.212393 0.000029
v -39.629803 -15.692799 0.000028
v 120.742760 -38.500183 -5.000000
v 120.742760 -38.500183 0.000000
v 120.974823 -42.247124 -5.000000
v 120.424805 -34.572720 -5.000000
v 120.424805 -34.572720 0.000000
v 119.731140 -29.596729 -5.000000
v 118.677872 -24.951006 -5.000000
v 119.731133 -29.596729 0.000001
v 118.677872 -24.951006 0.000000
v 117.641296 -20.954174 0.000000
v 117.010620 -18.216469 0.000001
v 117.641296 -20.954174 -5.000000
v 117.010620 -18.216469 -5.000000
v 116.289604 -15.262844 -5.000000
v 115.608521 -13.234427 -5.000000
v 116.289604 -15.262844 0.000001
v 115.608521 -13.234427 0.000001
v 111.959351 -24.534647 0.000000
v 115.226791 -9.855088 0.000000
v 115.226791 -9.855088 -5.000000
v 114.988838 -7.748645 0.000000
v 114.988838 -7.748645 -5.000000
v 114.692337 -6.819339 0.000000
v 114.692337 -6.819339 -5.000000
v 114.062798 -6.074239 0.000001
v 113.196053 -5.626759 0.000001
v 114.062798 -6.074239 -5.000000
v 113.196053 -5.626759 -5.000000
v 112.224030 -5.545063 -5.000000
v 112.224030 -5.545063 0.000000
v 108.530602 -5.962277 -5.000000
v 107.601326 -6.258747 -5.000000
v 108.530594 -5.962277 0.000000
v 107.601326 -6.258747 0.000001
v 106.856201 -6.888304 0.000001
v 106.856209 -6.888304 -5.000000
v 106.408745 -7.755064 0.000000
v 106.408745 -7.755064 -5.000000
v 106.327019 -8.727094 0.000000
v 106.586365 -11.023023 0.000000
v 106.327019 -8.727094 -5.000000
v 106.586372 -11.023023 -5.000000
v 106.494385 -14.209325 -5.000000
v 106.192123 -16.864143 -5.000000
v 106.494385 -14.209325 0.000000
v 110.628464 -24.383808 -5.000000
v 111.308899 -24.326859 -5.000000
v 110.021637 -24.696802 -5.000000
v 110.628464 -24.383808 0.000001
v 111.308899 -24.326859 0.000001
v 110.021629 -24.696802 0.000000
v 109.580750 -25.218212 0.000000
v 109.372955 -25.868650 0.000000
v 109.580750 -25.218212 -5.000000
v 109.372955 -25.868650 -5.000000
v 109.429909 -26.549091 -5.000000
v 109.742920 -27.155933 -5.000000
v 109.429901 -26.549091 0.000000
v 109.742920 -27.155933 0.000001
v 110.264313 -27.596806 0.000000
v 110.914764 -27.804594 0.000001
v 110.264313 -27.596806 -5.000000
v 110.914764 -27.804594 -5.000000
v 111.595177 -27.747663 -5.000000
v 111.595177 -27.747663 0.000000
v 112.202034 -27.434649 -5.000000
v 112.202034 -27.434649 0.000000
v 112.642921 -26.913239 -5.000000
v 112.642921 -26.913239 0.000001
v 112.850708 -26.262800 -5.000000
v 112.793762 -25.582375 -5.000000
v 112.850708 -26.262800 0.000000
v 112.793762 -25.582375 0.000001
v 112.480751 -24.975533 0.000001
v 112.480751 -24.975533 -5.000000
v 111.959351 -24.534647 -5.000000
v 106.192123 -16.864143 0.000000
v 105.142174 -20.520212 0.000001
v 103.545799 -27.180462 0.000000
v 105.142174 -20.520212 -5.000000
v 103.545799 -27.180462 -5.000000
v 102.310410 -34.607986 -5.000000
v 101.815956 -38.016720 -5.000000
v 102.310402 -34.607986 0.000001
v 101.815948 -38.016720 0.000001
v 101.296806 -41.178787 0.000001
v 100.805527 -44.047459 0.000000
v 101.296814 -41.178787 -5.000000
v 100.805527 -44.047459 -5.000000
v 100.034904 -46.621181 -5.000000
v 100.034904 -46.621181 0.000000
v 99.155144 -49.301060 -5.000000
v 98.279381 -51.643078 -5.000000
v 99.155144 -49.301060 0.000001
v 98.279381 -51.643078 0.000001
v 97.450081 -54.085285 0.000000
v 96.373917 -56.520241 0.000001
v 97.450089 -54.085300 -5.000000
v 96.373917 -56.520241 -5.000000
v 95.178543 -59.144402 -5.000000
v 94.063210 -61.232292 -5.000000
v 95.178543 -59.144402 0.000000
v 94.063202 -61.232292 0.000001
v 92.739609 -63.343727 0.000001
v 92.739616 -63.343727 -5.000000
v 91.547958 -65.306984 0.000000
v 90.332817 -67.062012 0.000001
v 91.547966 -65.306984 -5.000000
v 90.332817 -67.062012 -5.000000
v 89.148712 -69.462761 -5.000000
v 88.759483 -70.688667 -5.000000
v 89.148712 -69.462761 0.000000
v 88.759483 -70.688667 0.000000
v 88.726936 -72.085167 0.000000
v 89.542801 -74.271523 0.000000
v 88.726936 -72.085167 -5.000000
v 89.542801 -74.271523 -5.000000
v 91.014893 -75.919830 -5.000000
v 93.892807 -76.945374 -5.000000
v 91.014893 -75.919830 0.000001
v 93.892807 -76.945374 0.000001
v 97.237526 -77.622955 0.000000
v 97.237534 -77.622955 -5.000000
v 101.166527 -77.527878 0.000001
v 101.166527 -77.527878 -5.000000
v 105.521347 -75.966736 0.000001
v 105.521347 -75.966736 -5.000000
v 109.602974 -73.151611 0.000001
v 113.206322 -69.275017 0.000001
v 109.602974 -73.151611 -5.000000
v 113.206322 -69.275017 -5.000000
v 115.749489 -65.475662 -5.000000
v 118.168655 -60.309624 -5.000000
v 115.749489 -65.475662 0.000000
v 118.168648 -60.309624 0.000000
v 120.139465 -54.042301 0.000000
v 120.777916 -49.152317 0.000000
v 120.139465 -54.042301 -5.000000
v 120.777924 -49.152317 -5.000000
v 120.974823 -42.247124 0.000000
v -86.542068 70.896065 -0.000004
v -87.231934 72.191078 -0.000004
v -86.542068 70.896065 -5.000005
v -84.852737 68.544128 -0.000005
v -84.852737 68.544144 -5.000005
v -84.490273 67.325836 -0.000005
v -84.852737 66.107552 -0.000006
v -84.490273 67.325836 -5.000005
v -84.852737 66.107552 -5.000006
v -86.542068 63.755608 -5.000006
v -86.542068 63.755608 -0.000006
v -87.231934 62.460598 -5.000007
v -87.231934 62.460598 -0.000007
v -87.659851 61.057087 -5.000008
v -88.128372 58.199478 -5.000008
v -87.659851 61.057079 -0.000007
v -88.128372 58.199471 -0.000009
v -88.733521 57.081703 -0.000008
v -88.733521 57.081703 -5.000008
v -89.851303 56.476543 -0.000009
v -92.708900 56.008022 -0.000009
v -89.851303 56.476543 -5.000009
v -92.708900 56.008030 -5.000009
v -94.112427 55.580112 -5.000009
v -95.407440 54.890255 -5.000009
v -94.112427 55.580112 -0.000009
v -95.407440 54.890255 -0.000009
v -97.759369 53.200912 -0.000010
v -98.977654 52.838448 -0.000010
v -97.759369 53.200912 -5.000010
v -98.977654 52.838448 -5.000010
v -100.195961 53.200912 -5.000010
v -102.547882 54.890255 -5.000009
v -100.195961 53.200912 -0.000010
v -102.547882 54.890255 -0.000009
v -103.842896 55.580112 -0.000009
v -103.842896 55.580112 -5.000009
v -105.246407 56.008022 -0.000009
v -105.246407 56.008030 -5.000009
v -108.104019 56.476543 -0.000009
v -109.221802 57.081703 -0.000009
v -108.104019 56.476543 -5.000009
v -109.221802 57.081703 -5.000009
v -109.826950 58.199478 -5.000008
v -110.295471 61.057087 -5.000008
v -109.826950 58.199478 -0.000008
v -110.295471 61.057079 -0.000007
v -110.723389 62.460598 -0.000007
v -111.413239 63.755608 -0.000007
v -110.723389 62.460598 -5.000008
v -111.413239 63.755608 -5.000006
v -113.102585 66.107552 -5.000006
v -113.465057 67.325836 -5.000006
v -113.102585 66.107552 -0.000006
v -113.465057 67.325836 -0.000005
v -113.102585 68.544128 -0.000005
v -111.413239 70.896065 -0.000004
v -113.102585 68.544144 -5.000005
v -111.413239 70.896065 -5.000005
v -110.723389 72.191078 -5.000004
v -110.295471 73.594589 -5.000004
v -110.723389 72.191078 -0.000004
v -110.295471 73.594589 -0.000003
v -103.821678 70.008865 -0.000004
v -103.743912 70.399857 -0.000004
v -103.858101 69.825836 -0.000004
v -103.858101 69.825836 -2.500005
v -103.743912 69.251816 -0.000004
v -103.743912 69.251816 -2.500005
v -103.418755 68.765167 -0.000005
v -103.418755 68.765167 -2.500005
v -102.932114 68.440010 -0.000005
v -102.358086 68.325836 -0.000005
v -102.932114 68.440010 -2.500005
v -102.358086 68.325836 -2.500005
v -101.784065 68.440010 -2.500005
v -101.784065 68.440010 -0.000005
v -101.297440 68.765167 -2.500005
v -100.972282 69.251816 -2.500005
v -101.297440 68.765167 -0.000005
v -100.972282 69.251816 -0.000005
v -100.858093 69.825836 -0.000004
v -100.858093 69.825836 -2.500005
v -100.972267 70.399857 -0.000004
v -101.297440 70.886497 -0.000004
v -100.972267 70.399857 -2.500004
v -101.297440 70.886497 -2.500004
v -101.784065 71.211655 -2.500004
v -101.784065 71.211655 -0.000004
v -102.358086 71.325829 -2.500004
v -102.932114 71.211655 -2.500004
v -102.358086 71.325829 -0.000004
v -102.932114 71.211655 -0.000004
v -103.418755 70.886497 -0.000004
v -103.418755 70.886497 -2.500004
v -103.743912 70.399857 -2.500004
v -109.826950 76.452202 -0.000002
v -109.221802 77.569969 -0.000002
v -109.826950 76.452202 -5.000003
v -109.221802 77.569969 -5.000002
v -108.104019 78.175133 -5.000002
v -108.104019 78.175133 -0.000002
v -105.246407 78.643654 -5.000002
v -105.246407 78.643654 -0.000002
v -103.842896 79.071571 -5.000002
v -102.547882 79.761421 -5.000001
v -103.842896 79.071571 -0.000002
v -102.547882 79.761421 -0.000001
v -100.195961 81.450768 -0.000000
v -98.977654 81.813240 -0.000001
v -100.195961 81.450768 -5.000001
v -98.977654 81.813240 -5.000001
v -97.759369 81.450768 -5.000001
v -97.759369 81.450768 -0.000001
v -95.407440 79.761421 -5.000001
v -95.407440 79.761421 -0.000001
v -94.112427 79.071571 -5.000002
v -94.112427 79.071571 -0.000001
v -92.708900 78.643654 -5.000002
v -92.708900 78.643654 -0.000001
v -89.851288 78.175133 -5.000002
v -88.733521 77.569969 -5.000002
v -89.851288 78.175133 -0.000002
v -88.733521 77.569969 -0.000002
v -88.128372 76.452202 -0.000002
v -88.128372 76.452202 -5.000003
v -87.659851 73.594589 -0.000003
v -87.659851 73.594589 -5.000004
v -87.231934 72.191078 -5.000004
v 27.797523 87.499992 -5.000000
v 26.975349 85.958405 -5.000000
v 27.797523 87.499992 -0.000000
v 103.186546 87.499992 -5.000000
v 103.186546 87.499992 -0.000000
v 104.008720 85.958405 -5.000000
v 104.489128 84.416840 -5.000000
v 104.008720 85.958405 0.000000
v 104.489128 84.416840 -0.000000
v 104.831856 82.395821 -0.000000
v 104.866280 80.812592 -0.000000
v 104.831856 82.395821 -5.000000
v 104.866280 80.812592 -5.000000
v 104.728607 79.229355 -5.000000
v 104.384422 78.093559 -5.000000
v 104.728607 79.229355 -0.000000
v 104.384422 78.093559 -0.000000
v 103.847504 76.971519 0.000000
v 103.847504 76.971519 -5.000000
v 103.110954 75.856369 -0.000000
v 102.560265 75.099182 0.000000
v 103.110954 75.856369 -5.000000
v 102.560265 75.099182 -5.000000
v 101.768646 74.238731 -5.000000
v 100.908188 73.378281 -5.000000
v 101.768646 74.238731 -0.000000
v 100.908188 73.378281 0.000000
v 88.992035 74.448433 -0.000000
v 100.426338 72.655502 -0.000000
v 100.426338 72.655502 -5.000000
v 100.116577 71.898300 -0.000000
v 88.598976 73.457047 0.000000
v 88.552696 73.387772 0.000000
v 88.877853 73.874413 -0.000000
v 88.877853 73.874413 -2.500000
v 88.992035 74.448433 -2.500000
v 88.552696 73.387772 -2.500000
v 88.066063 73.062614 -2.500000
v 88.066063 73.062614 0.000000
v 87.492035 72.948441 -2.500000
v 87.492035 72.948441 -0.000000
v 86.918015 73.062614 -2.500000
v 86.431374 73.387772 -2.500000
v 86.918015 73.062614 0.000000
v 86.431374 73.387772 -0.000000
v 86.106216 73.874413 -0.000000
v 86.106216 73.874413 -2.500000
v 85.992035 74.448433 -0.000000
v 86.106216 75.022461 -0.000000
v 85.992035 74.448433 -2.500000
v 86.106216 75.022461 -2.500000
v 86.431374 75.509102 -2.500000
v 86.431374 75.509102 -0.000000
v 86.918015 75.834259 -2.500000
v 87.492035 75.948433 -2.500000
v 86.918015 75.834259 0.000000
v 87.492035 75.948433 -0.000000
v 88.066063 75.834259 0.000000
v 88.552696 75.509102 0.000000
v 88.066063 75.834259 -2.500000
v 88.552696 75.509102 -2.500000
v 88.877853 75.022461 -2.500000
v 88.877853 75.022461 -0.000000
v 100.116577 71.898300 -5.000000
v 68.734604 73.584152 -0.000000
v 100.116577 71.175514 -0.000000
v 100.150993 70.555984 -0.000000
v 100.116577 71.175514 -5.000000
v 100.150993 70.555984 -5.000000
v 100.288666 70.177391 -5.000000
v 100.736107 69.729958 -5.000000
v 100.288666 70.177391 -0.000000
v 100.736107 69.729958 -0.000000
v 101.458885 69.076019 0.000000
v 101.458885 69.076019 -5.000000
v 102.319336 67.974625 0.000000
v 103.489548 66.460236 -0.000000
v 102.319336 67.974625 -5.000000
v 103.489548 66.460236 -5.000000
v 105.750534 63.479855 -5.000000
v 105.750534 63.479855 0.000000
v 108.730919 58.546799 -5.000000
v 112.019623 51.558304 -5.000000
v 108.730919 58.546799 -0.000000
v 112.019623 51.558304 -0.000000
v 113.766747 45.494770 0.000000
v 109.527435 35.349716 0.000000
v 108.953415 35.235542 -0.000000
v 110.101463 35.235542 -0.000000
v 109.527435 35.349716 -2.500000
v 108.953415 35.235542 -2.500000
v 110.101463 35.235542 -2.500000
v 110.588089 34.910385 -2.500000
v 110.913261 34.423744 -2.500000
v 110.588089 34.910385 -0.000000
v 110.913261 34.423744 0.000000
v 111.027435 33.849720 0.000000
v 110.913261 33.275696 0.000000
v 111.027435 33.849720 -2.500000
v 110.913261 33.275696 -2.500000
v 110.588089 32.789055 -2.500000
v 110.101463 32.463898 -2.500000
v 110.588089 32.789055 -0.000000
v 110.101463 32.463898 -0.000000
v 109.527435 32.349720 0.000000
v 114.280609 24.323744 0.000000
v 114.280609 24.323744 -5.000000
v 112.636253 17.540800 0.000000
v 115.000008 32.031639 -0.000000
v 98.877853 15.022465 -0.000000
v 98.877853 15.022465 -2.500000
v 98.992035 14.448439 -0.000000
v 98.552689 15.509100 0.000000
v 98.552689 15.509100 -2.500000
v 98.066055 15.834259 0.000000
v 98.066055 15.834259 -2.500000
v 97.492035 15.948439 -0.000000
v 96.918007 15.834259 0.000000
v 97.492035 15.948439 -2.500000
v 96.918007 15.834259 -2.500000
v 96.431374 15.509100 -2.500000
v 96.106209 15.022465 -2.500000
v 96.431374 15.509100 -0.000000
v 96.106209 15.022465 -0.000000
v 95.992035 14.448439 -0.000000
v 95.992035 14.448439 -2.500000
v 96.106209 13.874413 -0.000000
v 96.431374 13.387778 -0.000000
v 96.106209 13.874413 -2.500000
v 96.431374 13.387778 -2.500000
v 96.918007 13.062619 -2.500000
v 97.492035 12.948440 -2.500000
v 96.918007 13.062619 0.000000
v 97.492035 12.948440 -0.000000
v 98.066055 13.062619 0.000000
v 102.975693 -0.033202 -0.000000
v 98.552689 13.387778 0.000000
v 98.066055 13.062619 -2.500000
v 98.552689 13.387778 -2.500000
v 98.877853 13.874413 -2.500000
v 98.992035 14.448439 -2.500000
v 98.877853 13.874413 -0.000000
v 108.319832 5.824798 0.000000
v 97.734329 -3.630220 -0.000000
v 85.682915 -2.357765 0.000000
v 102.975693 -0.033202 -5.000000
v 108.319832 5.824798 -5.000000
v 97.734329 -3.630220 -5.000000
v 91.465240 -6.610605 -5.000000
v 91.465240 -6.610605 -0.000000
v 84.065666 -8.563272 -5.000000
v 84.065666 -8.563272 0.000000
v 75.741142 -9.385447 -5.000000
v 55.242928 -9.385447 -5.000000
v 75.741142 -9.385447 0.000000
v 55.242928 -9.385447 0.000000
v 48.186974 -2.931791 0.000000
v 83.122253 -3.418426 -0.000000
v 82.797096 -2.931791 0.000000
v 83.122253 -3.418426 -2.500000
v 83.608887 -3.743584 0.000000
v 83.608887 -3.743584 -2.500000
v 84.182915 -3.857764 0.000000
v 84.756943 -3.743584 -0.000000
v 84.182915 -3.857764 -2.500000
v 84.756943 -3.743584 -2.500000
v 85.243576 -3.418426 -2.500000
v 85.568733 -2.931791 -2.500000
v 85.243576 -3.418426 0.000000
v 85.568733 -2.931791 0.000000
v 85.682915 -2.357765 -2.500000
v 85.568733 -1.783738 -2.500000
v 85.568733 -1.783738 0.000000
v 85.243576 -1.297104 -2.500000
v 85.243576 -1.297104 0.000000
v 84.756943 -0.971945 -2.500000
v 84.182915 -0.857765 -2.500000
v 84.756943 -0.971945 -0.000000
v 84.182915 -0.857765 0.000000
v 83.608887 -0.971945 0.000000
v 83.608887 -0.971945 -2.500000
v 83.122253 -1.297104 -0.000000
v 82.797096 -1.783738 0.000000
v 83.122253 -1.297104 -2.500000
v 82.797096 -1.783738 -2.500000
v 82.682915 -2.357765 -2.500000
v 82.682915 -2.357765 0.000000
v 82.797096 -2.931791 -2.500000
v 48.186974 -2.931791 -2.500000
v 47.861816 -3.418426 -0.000000
v 48.301151 -2.357765 0.000000
v 48.186974 -1.783738 0.000000
v 48.301151 -2.357765 -2.500000
v 48.186974 -1.783738 -2.500000
v 47.861816 -1.297104 -2.500000
v 47.861816 -1.297104 -0.000000
v 47.375179 -0.971945 -2.500000
v 46.801159 -0.857765 -2.500000
v 47.375179 -0.971945 -0.000000
v 46.801159 -0.857765 0.000000
v 46.227131 -0.971945 -0.000000
v 46.227131 -0.971945 -2.500000
v 45.740494 -1.297104 -0.000000
v 45.740494 -1.297104 -2.500000
v 45.415333 -1.783738 0.000000
v 34.656849 13.543652 -0.000000
v 34.552700 13.387778 -0.000000
v 34.877857 13.874413 -0.000000
v 34.877857 13.874413 -2.500000
v 34.992039 14.448439 -0.000000
v 34.877857 15.022465 -0.000000
v 34.992039 14.448439 -2.500000
v 34.877857 15.022465 -2.500000
v 34.552700 15.509100 -2.500000
v 34.066063 15.834259 -2.500000
v 34.552700 15.509100 -0.000000
v 34.066063 15.834259 0.000000
v 33.492035 15.948439 -0.000000
v 33.492035 15.948439 -2.500000
v 32.918011 15.834259 -0.000000
v 32.918011 15.834259 -2.500000
v 32.431374 15.509100 0.000000
v 32.431374 15.509100 -2.500000
v 32.106216 15.022465 -0.000000
v 31.992037 14.448439 -0.000000
v 32.106216 15.022465 -2.500000
v 31.992037 14.448439 -2.500000
v 32.106216 13.874413 -2.500000
v 32.106216 13.874413 -0.000000
v 32.431374 13.387778 -2.500000
v 32.918011 13.062619 -2.500000
v 32.431374 13.387778 0.000000
v 32.918011 13.062619 -0.000000
v 28.008371 -0.033202 0.000000
v 33.492035 12.948440 -0.000000
v 33.492035 12.948440 -2.500000
v 34.066063 13.062619 0.000000
v 34.066063 13.062619 -2.500000
v 34.552700 13.387778 -2.500000
v 22.664234 5.824798 0.000000
v 33.249741 -3.630220 -0.000000
v 28.008371 -0.033202 -5.000000
v 22.664234 5.824798 -5.000000
v 33.249741 -3.630220 -5.000000
v 39.518826 -6.610605 -5.000000
v 46.918407 -8.563272 -5.000000
v 39.518826 -6.610605 0.000000
v 46.918407 -8.563272 0.000000
v 19.889393 12.196657 -5.000000
v 19.889393 12.196657 0.000000
v 18.347815 17.540800 -5.000000
v 16.703465 24.323744 -5.000000
v 18.347815 17.540800 0.000000
v 16.703465 24.323744 0.000000
v 21.313124 32.378269 0.000000
v 20.882603 32.463898 0.000000
v 21.456629 32.349720 -0.000000
v 22.030655 32.463898 -0.000000
v 21.456629 32.349720 -2.500000
v 22.030655 32.463898 -2.500000
v 20.882603 32.463898 -2.500000
v 20.395967 32.789055 -2.500000
v 20.395967 32.789055 -0.000000
v 20.070810 33.275696 -2.500000
v 19.956629 33.849720 -2.500000
v 20.070810 33.275696 -0.000000
v 19.956629 33.849720 0.000000
v 20.070810 34.423744 -0.000000
v 20.070810 34.423744 -2.500000
v 20.395967 34.910385 -0.000000
v 20.395967 34.910385 -2.500000
v 20.882603 35.235542 0.000000
v 21.456629 35.349716 -0.000000
v 17.217323 45.494770 -0.000000
v 20.882603 35.235542 -2.500000
v 21.456629 35.349716 -2.500000
v 22.030655 35.235542 -2.500000
v 22.030655 35.235542 -0.000000
v 22.517290 34.910385 -2.500000
v 22.517290 34.910385 0.000000
v 22.842447 34.423744 -2.500000
v 22.956629 33.849720 -2.500000
v 22.842447 34.423744 0.000000
v 22.956629 33.849720 -0.000000
v 22.842447 33.275696 0.000000
v 22.842447 33.275696 -2.500000
v 22.517290 32.789055 0.000000
v 22.517290 32.789055 -2.500000
v 17.217323 45.494770 -5.000000
v 16.189606 38.403500 -0.000000
v 18.964447 51.558304 -0.000000
v 18.964447 51.558304 -5.000000
v 22.253149 58.546799 0.000000
v 22.253149 58.546799 -5.000000
v 25.233534 63.479855 0.000000
v 25.233534 63.479855 -5.000000
v 27.494516 66.460236 -0.000000
v 28.664730 67.974625 -0.000000
v 27.494516 66.460236 -5.000000
v 28.664730 67.974625 -5.000000
v 29.525183 69.076019 -5.000000
v 30.247965 69.729958 -5.000000
v 29.525183 69.076019 0.000000
v 30.247965 69.729958 -0.000000
v 30.695400 70.177391 -0.000000
v 30.695400 70.177391 -5.000000
v 30.833073 70.555984 0.000000
v 30.833073 70.555984 -5.000000
v 30.867491 71.175514 0.000000
v 65.734604 73.584152 0.000000
v 65.848785 73.010132 -0.000000
v 65.848785 74.158180 -0.000000
v 65.734604 73.584152 -2.500000
v 65.848785 73.010132 -2.500000
v 65.848785 74.158180 -2.500000
v 66.173943 74.644806 -2.500000
v 66.660576 74.969978 -2.500000
v 66.173943 74.644806 -0.000000
v 66.660576 74.969978 0.000000
v 67.234596 75.084152 -0.000000
v 67.808624 74.969978 -0.000000
v 67.234596 75.084152 -2.500000
v 67.808624 74.969978 -2.500000
v 68.295265 74.644806 -2.500000
v 68.620422 74.158180 -2.500000
v 68.295265 74.644806 0.000000
v 68.620422 74.158180 -0.000000
v 68.734604 73.584152 -2.500000
v 68.620422 73.010132 -2.500000
v 68.620422 73.010132 -0.000000
v 68.295265 72.523491 -2.500000
v 67.808624 72.198334 -2.500000
v 68.295265 72.523491 0.000000
v 67.808624 72.198334 -0.000000
v 67.234596 72.084145 -0.000000
v 67.234596 72.084145 -2.500000
v 66.660576 72.198334 0.000000
v 66.660576 72.198334 -2.500000
v 66.173943 72.523491 -0.000000
v 66.173943 72.523491 -2.500000
v 30.867491 71.175514 -5.000000
v 30.867491 71.898300 0.000000
v 43.375206 72.971672 -0.000000
v 43.492035 72.948441 -0.000000
v 42.918011 73.062614 -0.000000
v 42.918011 73.062614 -2.500000
v 42.431377 73.387772 0.000000
v 42.431377 73.387772 -2.500000
v 42.106220 73.874413 -0.000000
v 42.077671 74.017914 -0.000000
v 42.106220 73.874413 -2.500000
v 41.992039 74.448433 -2.500000
v 41.992039 74.448433 -0.000000
v 42.106220 75.022461 -2.500000
v 42.106220 75.022461 -0.000000
v 42.431377 75.509102 -2.500000
v 42.918011 75.834259 -2.500000
v 42.431377 75.509102 0.000000
v 42.918011 75.834259 -0.000000
v 43.492035 75.948433 -0.000000
v 43.492035 75.948433 -2.500000
v 44.066063 75.834259 0.000000
v 44.066063 75.834259 -2.500000
v 44.552700 75.509102 -0.000000
v 44.877857 75.022461 -0.000000
v 44.552700 75.509102 -2.500000
v 44.877857 75.022461 -2.500000
v 44.992039 74.448433 -2.500000
v 44.992039 74.448433 -0.000000
v 44.877857 73.874413 -2.500000
v 44.552700 73.387772 -2.500000
v 44.877857 73.874413 -0.000000
v 44.552700 73.387772 -0.000000
v 44.066063 73.062614 0.000000
v 44.066063 73.062614 -2.500000
v 43.492035 72.948441 -2.500000
v 30.557730 72.655502 -0.000000
v 30.867491 71.898300 -5.000000
v 30.557730 72.655502 -5.000000
v 30.075874 73.378281 -5.000000
v 30.075874 73.378281 -0.000000
v 29.215422 74.238731 -5.000000
v 28.423805 75.099182 -5.000000
v 29.215422 74.238731 -0.000000
v 28.423805 75.099182 0.000000
v 27.873114 75.856369 0.000000
v 27.873114 75.856369 -5.000000
v 27.136564 76.971519 0.000000
v 27.136564 76.971519 -5.000000
v 26.599642 78.093559 0.000000
v 26.599642 78.093559 -5.000000
v 26.255463 79.229355 -0.000000
v 26.255463 79.229355 -5.000000
v 26.117790 80.812592 -0.000000
v 26.117790 80.812592 -5.000000
v 26.152208 82.395821 -0.000000
v 26.152208 82.395821 -5.000000
v 26.494942 84.416840 0.000000
v 26.975349 85.958405 0.000000
v 26.494942 84.416840 -5.000000
v 16.189606 38.403500 -5.000000
v 15.984062 32.031639 -0.000000
v 15.984062 32.031639 -5.000000
v 45.301155 -2.357765 0.000000
v 45.415333 -2.931791 0.000000
v 45.301155 -2.357765 -2.500000
v 45.415333 -1.783738 -2.500000
v 45.415333 -2.931791 -2.500000
v 45.740494 -3.418426 -2.500000
v 46.227131 -3.743584 -2.500000
v 45.740494 -3.418426 -0.000000
v 46.227131 -3.743584 -0.000000
v 46.801159 -3.857764 0.000000
v 47.375179 -3.743584 -0.000000
v 46.801159 -3.857764 -2.500000
v 47.375179 -3.743584 -2.500000
v 47.861816 -3.418426 -2.500000
v 111.094673 12.196657 -5.000000
v 112.636253 17.540800 -5.000000
v 111.094673 12.196657 0.000000
v 114.794464 38.403500 -0.000000
v 115.000008 32.031639 -5.000000
v 114.794464 38.403500 -5.000000
v 113.766747 45.494770 -5.000000
v 108.953415 32.463898 -0.000000
v 109.527435 32.349720 -2.500000
v 108.953415 32.463898 -2.500000
v 108.466782 32.789055 -2.500000
v 108.466782 32.789055 0.000000
v 108.141617 33.275696 -2.500000
v 108.027435 33.849720 -2.500000
v 108.141617 33.275696 0.000000
v 108.027435 33.849720 0.000000
v 108.141617 34.423744 0.000000
v 108.466782 34.910385 0.000000
v 108.141617 34.423744 -2.500000
v 108.466782 34.910385 -2.500000
v -109.947502 30.812008 -2.500028
v -109.947502 30.812008 -0.000029
v -110.061676 31.386040 -2.500028
v -110.061676 30.237986 -2.500028
v -110.061676 30.237982 -0.000029
v -110.386833 29.751350 -2.500028
v -110.873474 29.426193 -2.500028
v -110.386833 29.751347 -0.000029
v -110.873474 29.426189 -0.000030
v -111.447495 29.312010 -0.000029
v -112.021523 29.426193 -0.000029
v -111.447495 29.312014 -2.500029
v -112.021523 29.426193 -2.500028
v -112.508163 29.751350 -2.500028
v -112.508163 29.751350 -0.000029
v -112.833321 30.237986 -2.500028
v -112.947495 30.812008 -2.500028
v -112.833321 30.237986 -0.000029
v -112.947495 30.812008 -0.000029
v -120.502647 29.771862 -0.000029
v -112.833321 31.386036 -0.000029
v -112.779129 31.467144 -0.000029
v -112.833321 31.386040 -2.500028
v -112.508163 31.872675 -2.500028
v -112.021523 32.197834 -2.500028
v -112.508163 31.872671 -0.000029
v -112.021523 32.197830 -0.000028
v -111.447495 32.312008 -0.000028
v -111.447495 32.312012 -2.500027
v -110.873474 32.197830 -0.000029
v -110.873474 32.197834 -2.500028
v -110.386833 31.872671 -0.000028
v -110.061676 31.386036 -0.000029
v -110.386833 31.872675 -2.500028
v -120.502647 36.912312 -0.000027
v -119.812790 38.207325 -0.000027
v -120.502647 36.912319 -5.000027
v -122.191994 34.560387 -0.000028
v -122.554451 33.342098 -0.000028
v -122.191994 34.560387 -5.000027
v -122.554451 33.342098 -5.000028
v -122.191994 32.123798 -5.000028
v -122.191994 32.123798 -0.000029
v -120.502647 29.771866 -5.000029
v -119.812790 28.476851 -5.000030
v -119.812790 28.476851 -0.000030
v -119.384888 27.073334 -5.000030
v -119.384888 27.073334 -0.000030
v -118.916359 24.215727 -5.000031
v -118.311195 23.097956 -5.000031
v -118.916359 24.215723 -0.000031
v -118.311195 23.097952 -0.000031
v -117.193428 22.492794 -0.000032
v -114.335823 22.024275 -0.000032
v -117.193428 22.492798 -5.000031
v -114.335823 22.024275 -5.000031
v -112.932312 21.596363 -5.000031
v -112.932312 21.596359 -0.000032
v -111.637291 20.906509 -5.000031
v -109.285355 19.217165 -5.000032
v -111.637291 20.906506 -0.000032
v -109.285355 19.217165 -0.000032
v -108.067062 18.854694 -0.000033
v -106.848778 19.217165 -0.000033
v -108.067062 18.854698 -5.000032
v -106.848778 19.217165 -5.000032
v -104.496834 20.906509 -5.000031
v -103.201820 21.596363 -5.000031
v -104.496834 20.906506 -0.000032
v -103.201820 21.596359 -0.000032
v -101.798309 22.024275 -0.000032
v -101.798309 22.024275 -5.000031
v -98.940697 22.492794 -0.000032
v -97.822937 23.097952 -0.000031
v -98.940697 22.492798 -5.000031
v -97.822937 23.097956 -5.000031
v -97.217766 24.215723 -5.000031
v -97.217766 24.215723 -0.000031
v -96.749245 27.073334 -5.000030
v -96.749245 27.073334 -0.000030
v -96.321342 28.476851 -5.000030
v -96.321342 28.476847 -0.000030
v -95.631477 29.771862 -5.000029
v -95.631477 29.771862 -0.000029
v -93.942139 32.123798 -5.000028
v -93.942139 32.123795 -0.000029
v -93.579681 33.342098 -5.000028
v -93.579681 33.342091 -0.000028
v -93.942139 34.560387 -5.000027
v -93.942139 34.560387 -0.000028
v -95.631477 36.912319 -5.000027
v -95.631477 36.912312 -0.000027
v -96.321342 38.207333 -5.000026
v -96.321342 38.207325 -0.000026
v -96.749245 39.610851 -5.000026
v -96.749245 39.610844 -0.000026
v -97.217766 42.468464 -5.000025
v -97.822937 43.586227 -5.000024
v -97.217766 42.468456 -0.000025
v -97.822937 43.586227 -0.000024
v -98.940697 44.191380 -0.000025
v -101.798309 44.659901 -0.000024
v -98.940697 44.191387 -5.000024
v -101.798309 44.659908 -5.000024
v -103.201820 45.087818 -5.000024
v -103.201820 45.087818 -0.000024
v -104.496834 45.777676 -5.000024
v -106.848778 47.467018 -5.000023
v -104.496834 45.777668 -0.000024
v -106.848778 47.467010 -0.000023
v -108.067062 47.829483 -0.000023
v -109.285355 47.467010 -0.000023
v -108.067062 47.829483 -5.000023
v -109.285355 47.467018 -5.000023
v -111.637291 45.777676 -5.000024
v -112.932312 45.087818 -5.000024
v -111.637291 45.777668 -0.000024
v -112.932312 45.087818 -0.000024
v -114.335823 44.659901 -0.000024
v -114.335823 44.659908 -5.000024
v -117.193428 44.191380 -0.000025
v -118.311195 43.586227 -0.000025
v -117.193428 44.191387 -5.000024
v -118.311195 43.586227 -5.000024
v -118.916359 42.468464 -5.000025
v -118.916359 42.468456 -0.000025
v -119.384888 39.610851 -5.000026
v -119.384888 39.610844 -0.000026
v -119.812790 38.207333 -5.000026
v -94.457329 -4.732976 -2.500005
v -94.571518 -4.158954 -2.500005
v -94.571518 -5.307003 -2.500005
v -94.457329 -4.732980 -0.000005
v -94.571518 -4.158954 -0.000005
v -94.571518 -5.307003 -0.000005
v -94.896675 -5.793641 -0.000005
v -86.245552 -7.459334 -0.000006
v -85.957336 -4.532981 -0.000005
v -87.099136 -10.273232 -0.000007
v -86.245552 -7.459334 -5.000006
v -85.957336 -4.532977 -5.000005
v -87.099136 -10.273229 -5.000007
v -88.485283 -12.866533 -5.000008
v -90.350731 -15.139578 -5.000008
v -88.485283 -12.866533 -0.000007
v -90.350731 -15.139578 -0.000008
v -92.623787 -17.005020 -0.000009
v -95.217079 -18.391172 -0.000009
v -92.623787 -17.005020 -5.000009
v -95.217079 -18.391169 -5.000009
v -98.030983 -19.244755 -5.000010
v -100.957336 -19.532976 -5.000010
v -98.030983 -19.244759 -0.000010
v -100.957336 -19.532976 -0.000010
v -103.883682 -19.244759 -0.000009
v -106.697586 -18.391172 -0.000009
v -103.883682 -19.244755 -5.000010
v -106.697586 -18.391169 -5.000009
v -109.290886 -17.005020 -5.000009
v -111.563934 -15.139578 -5.000008
v -109.290886 -17.005020 -0.000009
v -111.563934 -15.139578 -0.000008
v -113.429382 -12.866533 -0.000008
v -114.815521 -10.273229 -0.000007
v -113.429382 -12.866529 -5.000008
v -114.815521 -10.273229 -5.000007
v -115.669113 -7.459331 -5.000006
v -115.957336 -4.532977 -5.000005
v -115.669113 -7.459334 -0.000006
v -115.957336 -4.532977 -0.000005
v -115.669113 -1.606623 -0.000004
v -114.815521 1.207275 -0.000003
v -115.669113 -1.606619 -5.000005
v -114.815521 1.207275 -5.000004
v -113.429382 3.800580 -5.000003
v -111.563934 6.073625 -5.000002
v -113.429382 3.800576 -0.000002
v -111.563934 6.073621 -0.000001
v -109.290886 7.939064 -0.000001
v -106.697586 9.325214 -0.000001
v -109.290886 7.939064 -5.000001
v -106.697586 9.325214 -5.000001
v -103.883682 10.178798 -5.000000
v -100.957336 10.467024 -5.000000
v -103.883682 10.178798 -0.000000
v -100.957336 10.467020 -0.000000
v -98.030983 10.178798 -0.000000
v -95.957336 -3.232977 -0.000005
v -95.217079 9.325214 -0.000001
v -98.030983 10.178798 -5.000000
v -95.217079 9.325214 -5.000001
v -92.623787 7.939064 -5.000001
v -90.350731 6.073625 -5.000002
v -92.623787 7.939064 -0.000001
v -90.350731 6.073621 -0.000001
v -88.485283 3.800576 -0.000002
v -87.099136 1.207271 -0.000003
v -88.485283 3.800576 -5.000003
v -87.099136 1.207275 -5.000004
v -86.245552 -1.606623 -5.000005
v -86.245552 -1.606623 -0.000004
v -95.383301 -3.347161 -0.000004
v -96.531364 -3.347161 -0.000004
v -95.957336 -3.232977 -2.500004
v -95.383301 -3.347157 -2.500004
v -96.531364 -3.347157 -2.500004
v -97.017990 -3.672319 -2.500004
v -97.017990 -3.672319 -0.000005
v -97.343147 -4.158954 -2.500005
v -97.343147 -4.158954 -0.000005
v -97.457336 -4.732976 -2.500005
v -97.457336 -4.732980 -0.000005
v -97.343147 -5.307003 -2.500005
v -97.343147 -5.307003 -0.000005
v -97.017990 -5.793638 -2.500005
v -97.017990 -5.793641 -0.000005
v -96.531364 -6.118796 -2.500005
v -95.957336 -6.232976 -2.500005
v -96.531364 -6.118800 -0.000005
v -95.957336 -6.232980 -0.000006
v -95.383301 -6.118800 -0.000005
v -95.383301 -6.118796 -2.500005
v -94.896675 -5.793638 -2.500005
v -94.896675 -3.672319 -2.500004
v -94.896675 -3.672319 -0.000004
v -0.829399 87.500008 -0.000000
v -76.218414 87.500008 0.000000
v -0.007220 85.958420 -0.000000
v -0.829398 87.500008 -5.000000
v -76.218414 87.500008 -5.000000
v -0.007219 85.958420 -5.000000
v 0.473187 84.416855 -5.000001
v 0.815921 82.395836 -5.000002
v 0.473186 84.416855 -0.000001
v 0.815921 82.395836 -0.000002
v 0.850335 80.812607 -0.000002
v 0.712663 79.229370 -0.000003
v 0.850335 80.812607 -5.000002
v 0.712663 79.229370 -5.000003
v 0.368491 78.093575 -5.000003
v 0.368491 78.093575 -0.000003
v -0.168435 76.971527 -5.000004
v -0.904985 75.856384 -5.000004
v -0.168435 76.971527 -0.000003
v -0.904985 75.856384 -0.000004
v -1.455680 75.099197 -0.000004
v -2.247289 74.238747 -0.000004
v -1.455679 75.099197 -5.000004
v -2.247289 74.238747 -5.000004
v -3.107741 73.378296 -5.000005
v -3.589600 72.655518 -5.000005
v -3.107741 73.378296 -0.000005
v -15.023904 74.448448 -0.000004
v -3.589600 72.655518 -0.000005
v -15.422092 73.449387 -0.000005
v -3.899366 71.898308 -0.000005
v -38.766472 73.584167 -0.000005
v -3.899366 71.175529 -0.000005
v -3.899365 71.898308 -5.000005
v -3.899365 71.175529 -5.000005
v -3.864944 70.556000 -5.000005
v -3.727272 70.177406 -5.000005
v -3.864944 70.556000 -0.000006
v -3.727272 70.177406 -0.000006
v -3.279835 69.729965 -0.000006
v -2.557054 69.076035 -0.000006
v -3.279835 69.729965 -5.000005
v -2.557054 69.076035 -5.000005
v -1.696601 67.974655 -5.000006
v -0.526383 66.460251 -5.000006
v -1.696602 67.974640 -0.000006
v -0.526384 66.460251 -0.000007
v 1.734599 63.479870 -0.000008
v 4.714981 58.546814 -0.000009
v 1.734600 63.479870 -5.000007
v 4.714981 58.546814 -5.000009
v 8.003682 51.558327 -5.000011
v 9.750806 45.494785 -5.000014
v 8.003682 51.558319 -0.000011
v 9.750806 45.494785 -0.000013
v 10.778524 38.403515 -0.000016
v 10.984067 32.031658 -0.000018
v 10.778524 38.403515 -5.000016
v 10.984067 32.031658 -5.000018
v 10.264665 24.323763 -5.000021
v 8.620315 17.540813 -5.000022
v 10.264665 24.323763 -0.000021
v -5.138084 15.022480 -0.000024
v 8.620315 17.540813 -0.000023
v 7.078737 12.196676 -0.000025
v 4.303895 5.824813 -0.000027
v 7.078737 12.196676 -5.000024
v 4.303895 5.824813 -5.000026
v -1.040242 -0.033187 -5.000028
v -1.040243 -0.033187 -0.000029
v -6.281614 -3.630205 -5.000030
v -12.550696 -6.610590 -5.000031
v -6.281614 -3.630205 -0.000030
v -12.550696 -6.610590 -0.000031
v -19.950272 -8.563257 -0.000031
v -19.833023 -3.857749 -0.000030
v -28.274799 -9.385432 -0.000032
v -19.950272 -8.563257 -5.000031
v -28.274797 -9.385432 -5.000031
v -48.773006 -9.385432 -5.000031
v -57.097530 -8.563257 -5.000031
v -48.773006 -9.385432 -0.000032
v -57.097530 -8.563257 -0.000031
v -64.497116 -6.610590 -0.000031
v -70.766197 -3.630205 -0.000030
v -64.497116 -6.610590 -5.000031
v -58.600605 -2.931776 -0.000029
v -58.714779 -2.357750 -0.000029
v -58.275448 -3.418411 -0.000029
v -58.600605 -2.931776 -2.500029
v -58.275448 -3.418411 -2.500029
v -58.714779 -2.357750 -2.500029
v -58.600605 -1.783723 -2.500029
v -58.600605 -1.783723 -0.000029
v -58.275448 -1.297089 -2.500029
v -57.788803 -0.971931 -2.500029
v -58.275448 -1.297089 -0.000029
v -57.788803 -0.971931 -0.000029
v -58.356731 -1.418746 -0.000029
v -84.126549 12.196669 -0.000025
v -85.668114 17.540812 -0.000023
v -81.351700 5.824813 -0.000027
v -84.126549 12.196672 -5.000024
v -82.559319 32.349735 -0.000018
v -72.023895 14.448450 -0.000024
v -72.023895 14.448450 -2.500024
v -71.909729 13.874428 -0.000024
v -71.909729 15.022476 -0.000024
v -71.584549 15.509114 -0.000023
v -71.909729 15.022476 -2.500023
v -71.584549 15.509114 -2.500023
v -71.097923 15.834273 -2.500023
v -70.523903 15.948454 -2.500023
v -71.097923 15.834273 -0.000023
v -81.985298 32.463913 -0.000018
v -70.523903 15.948454 -0.000023
v -69.949883 15.834273 -0.000023
v -69.463242 15.509114 -0.000023
v -69.949883 15.834273 -2.500023
v -69.463242 15.509114 -2.500023
v -69.138077 15.022476 -2.500023
v -69.023911 14.448450 -2.500024
v -69.138077 15.022476 -0.000024
v -69.023911 14.448450 -0.000024
v -69.138077 13.874428 -0.000024
v -69.138077 13.874428 -2.500024
v -69.463242 13.387793 -0.000024
v -69.463242 13.387793 -2.500024
v -69.949883 13.062634 -0.000024
v -69.949883 13.062634 -2.500024
v -70.523903 12.948454 -0.000024
v -71.097923 13.062634 -0.000024
v -70.523903 12.948454 -2.500024
v -71.097923 13.062634 -2.500024
v -71.584549 13.387793 -2.500024
v -71.584549 13.387793 -0.000024
v -71.909729 13.874428 -2.500024
v -81.498650 32.789070 -0.000018
v -81.985298 32.463913 -2.500017
v -81.498650 32.789070 -2.500017
v -82.559319 32.349735 -2.500017
v -83.133339 32.463913 -2.500017
v -83.133339 32.463913 -0.000018
v -83.619965 32.789070 -2.500017
v -83.619965 32.789070 -0.000018
v -83.945137 33.275711 -2.500017
v -83.945137 33.275711 -0.000018
v -84.059311 33.849735 -2.500017
v -83.945137 34.423756 -2.500016
v -84.059311 33.849735 -0.000017
v -83.945137 34.423756 -0.000017
v -83.619965 34.910400 -0.000017
v -83.133339 35.235558 -0.000017
v -83.619965 34.910400 -2.500016
v -87.826340 38.403515 -0.000016
v -86.798607 45.494785 -0.000014
v -88.031876 32.031654 -0.000018
v -87.826340 38.403515 -5.000016
v -88.031876 32.031654 -5.000018
v -86.798607 45.494785 -5.000014
v -85.051491 51.558319 -5.000011
v -85.051491 51.558319 -0.000012
v -81.762787 58.546814 -5.000009
v -78.782410 63.479870 -5.000007
v -81.762787 58.546814 -0.000009
v -78.782410 63.479855 -0.000008
v -76.521423 66.460251 -0.000007
v -75.351212 67.974640 -0.000006
v -76.521423 66.460251 -5.000006
v -75.351212 67.974640 -5.000006
v -74.490753 69.076035 -5.000005
v -74.490753 69.076019 -0.000006
v -73.767975 69.729965 -5.000005
v -73.767975 69.729965 -0.000006
v -73.320541 70.177406 -5.000005
v -73.320541 70.177406 -0.000005
v -58.523899 55.448460 -5.000010
v -73.182869 70.556000 -5.000005
v -73.148445 71.175529 -5.000005
v -73.182869 70.556000 -0.000005
v -73.148445 71.175529 -0.000005
v -73.148445 71.898308 -0.000005
v -73.458206 72.655518 -0.000004
v -73.148445 71.898308 -5.000005
v -41.766464 73.584167 -0.000005
v -60.901031 73.023468 -0.000005
v -61.097935 73.062630 -0.000005
v -60.523899 72.948456 -0.000004
v -60.523899 72.948456 -2.500004
v -59.949875 73.062630 -0.000005
v -59.949875 73.062630 -2.500004
v -59.463249 73.387787 -0.000005
v -59.138088 73.874428 -0.000004
v -59.463249 73.387787 -2.500004
v -59.138088 73.874428 -2.500004
v -59.023903 74.448448 -2.500004
v -59.138088 75.022476 -2.500004
v -59.023903 74.448448 -0.000004
v -59.138088 75.022476 -0.000004
v -59.463249 75.509117 -0.000004
v -59.949875 75.834274 -0.000004
v -59.463249 75.509117 -2.500004
v -59.949875 75.834274 -2.500003
v -60.523899 75.948448 -2.500003
v -60.523899 75.948448 -0.000004
v -61.097935 75.834274 -2.500003
v -61.584560 75.509117 -2.500004
v -61.097935 75.834274 -0.000004
v -61.584560 75.509117 -0.000004
v -61.909721 75.022476 -0.000004
v -61.909721 75.022476 -2.500004
v -62.023907 74.448448 -0.000004
v -62.023907 74.448448 -2.500004
v -61.909721 73.874428 -0.000005
v -61.909721 73.874428 -2.500004
v -61.584560 73.387787 -0.000005
v -61.584560 73.387787 -2.500004
v -61.097935 73.062630 -2.500004
v -41.652290 73.010147 -0.000005
v -41.652290 74.158188 -0.000004
v -41.766464 73.584167 -2.500004
v -41.652290 74.158188 -2.500004
v -41.652290 73.010147 -2.500004
v -41.327133 72.523506 -2.500005
v -40.840492 72.198349 -2.500005
v -41.327133 72.523506 -0.000005
v -40.840492 72.198349 -0.000005
v -40.266468 72.084160 -0.000005
v -40.266468 72.084160 -2.500005
v -39.692448 72.198349 -0.000005
v -39.692448 72.198349 -2.500005
v -39.205811 72.523506 -0.000005
v -38.880653 73.010147 -0.000005
v -39.205811 72.523506 -2.500005
v -38.880653 73.010147 -2.500004
v -38.766472 73.584167 -2.500004
v -38.880653 74.158188 -2.500004
v -39.205811 74.644821 -2.500004
v -38.880653 74.158188 -0.000004
v -39.205811 74.644821 -0.000004
v -39.692448 74.969994 -0.000004
v -40.266468 75.084167 -0.000004
v -39.692448 74.969994 -2.500004
v -40.266468 75.084167 -2.500004
v -40.840492 74.969994 -2.500004
v -41.327133 74.644821 -2.500004
v -40.840492 74.969994 -0.000004
v -41.327133 74.644821 -0.000004
v -73.458206 72.655518 -5.000005
v -73.940071 73.378296 -5.000005
v -73.940071 73.378296 -0.000005
v -74.800522 74.238747 -5.000004
v -75.592133 75.099197 -5.000004
v -74.800522 74.238747 -0.000004
v -75.592133 75.099197 -0.000004
v -76.142815 75.856384 -0.000004
v -76.879379 76.971527 -0.000003
v -76.142815 75.856384 -5.000004
v -76.879379 76.971527 -5.000004
v -77.416298 78.093575 -5.000003
v -77.760475 79.229370 -5.000003
v -77.416298 78.093575 -0.000003
v -77.760475 79.229370 -0.000003
v -77.898148 80.812607 -0.000002
v -77.863724 82.395836 -0.000002
v -77.898148 80.812607 -5.000002
v -77.863724 82.395836 -5.000002
v -77.520996 84.416855 -5.000001
v -77.520996 84.416855 -0.000001
v -77.040581 85.958420 -5.000000
v -77.040581 85.958420 -0.000001
v -58.523899 55.448460 -0.000010
v -48.523903 55.448460 -5.000010
v -58.523899 50.448460 -5.000012
v -58.523899 50.448452 -0.000012
v -48.523903 50.448460 -5.000012
v -43.523899 21.948456 -5.000021
v -48.523903 50.448452 -0.000012
v -43.523899 21.948452 -0.000021
v -48.523903 55.448460 -0.000010
v -28.523909 55.448460 -0.000010
v -28.523907 55.448460 -5.000010
v -28.523909 50.448452 -0.000012
v -18.523903 55.448460 -0.000010
v -18.523903 50.448460 -0.000012
v -18.523901 55.448460 -5.000010
v -18.523901 50.448460 -5.000012
v -28.523907 50.448460 -5.000012
v -34.602032 21.948456 -5.000021
v -33.523903 21.948456 -5.000021
v -33.523903 21.948452 -0.000021
v -33.523903 16.948456 -5.000023
v -33.523903 16.948456 -0.000023
v -43.523899 16.948456 -5.000023
v -43.523899 16.948456 -0.000023
v -20.893681 -1.297089 -0.000029
v -20.893681 -1.297089 -2.500029
v -21.218838 -1.783723 -0.000029
v -20.407045 -0.971931 -0.000029
v -19.833023 -0.857750 -0.000029
v -20.407045 -0.971931 -2.500029
v -19.833023 -0.857750 -2.500029
v -19.259001 -0.971931 -2.500029
v -18.772366 -1.297089 -2.500029
v -19.259001 -0.971931 -0.000029
v -18.772366 -1.297089 -0.000029
v -18.447206 -1.783723 -0.000029
v -7.584564 13.387793 -0.000024
v -18.333019 -2.357750 -0.000029
v -18.447206 -1.783723 -2.500029
v -18.333019 -2.357750 -2.500029
v -18.447206 -2.931776 -2.500029
v -18.772366 -3.418411 -2.500029
v -18.447206 -2.931776 -0.000029
v -18.772366 -3.418411 -0.000030
v -19.259001 -3.743569 -0.000030
v -19.259001 -3.743569 -2.500030
v -19.833023 -3.857749 -2.500030
v -20.407045 -3.743569 -2.500030
v -20.407045 -3.743569 -0.000030
v -20.893681 -3.418411 -2.500029
v -21.218838 -2.931776 -2.500029
v -20.893681 -3.418411 -0.000030
v -21.218838 -2.931776 -0.000029
v -21.333025 -2.357750 -0.000029
v -21.333025 -2.357750 -2.500029
v -21.218838 -1.783723 -2.500029
v -7.097930 13.062634 -0.000024
v -7.909723 13.874432 -0.000024
v -7.584563 13.387793 -2.500024
v -7.909722 13.874432 -2.500024
v -7.097929 13.062634 -2.500024
v -6.523906 12.948454 -2.500024
v -5.949884 13.062634 -2.500024
v -6.523907 12.948454 -0.000024
v -5.949884 13.062634 -0.000024
v -5.463243 13.387793 -0.000024
v -5.463242 13.387793 -2.500024
v -5.138084 13.874432 -0.000024
v -5.138083 13.874432 -2.500024
v -5.023911 14.448458 -0.000024
v -5.023911 14.448458 -2.500024
v -5.138083 15.022480 -2.500023
v -5.463242 15.509114 -2.500023
v -5.949884 15.834273 -2.500023
v -5.463243 15.509114 -0.000023
v -5.949884 15.834273 -0.000023
v -6.523907 15.948454 -0.000023
v -6.523906 15.948454 -2.500023
v -7.097930 15.834273 -0.000023
v -7.584564 15.509114 -0.000023
v -7.097929 15.834273 -2.500023
v -7.584563 15.509114 -2.500023
v -7.909722 15.022480 -2.500023
v -8.023902 14.448458 -2.500024
v -7.909723 15.022480 -0.000024
v -8.023903 14.448458 -0.000024
v 4.450839 34.910400 -0.000017
v 4.450839 34.910400 -2.500016
v 4.937474 35.235558 -0.000017
v 4.125681 34.423756 -0.000017
v 4.011501 33.849735 -0.000018
v 4.125681 34.423763 -2.500016
v 4.011501 33.849735 -2.500017
v 4.125681 33.275711 -2.500017
v 4.450839 32.789070 -2.500017
v 4.125681 33.275711 -0.000018
v 4.450839 32.789070 -0.000018
v 4.937474 32.463913 -0.000018
v 4.937474 32.463913 -2.500017
v 5.511500 32.349735 -0.000018
v 6.085526 32.463913 -0.000018
v 5.511500 32.349739 -2.500017
v 6.085526 32.463921 -2.500017
v 6.572161 32.789078 -2.500017
v 6.572161 32.789070 -0.000018
v 6.897319 33.275711 -2.500017
v 6.897319 33.275711 -0.000018
v 7.011499 33.849735 -2.500017
v 6.897319 34.423763 -2.500016
v 7.011499 33.849735 -0.000018
v 6.897319 34.423756 -0.000017
v 6.572161 34.910400 -0.000017
v 6.085526 35.235558 -0.000017
v 6.572161 34.910400 -2.500016
v 6.085526 35.235558 -2.500016
v 5.511500 35.349739 -2.500016
v 5.511500 35.349731 -0.000017
v 4.937474 35.235558 -2.500016
v -87.312477 24.323759 -5.000021
v -87.312477 24.323755 -0.000020
v -85.668114 17.540813 -5.000022
v -83.133339 35.235558 -2.500016
v -82.559319 35.349731 -2.500016
v -81.985298 35.235558 -2.500016
v -82.559319 35.349731 -0.000017
v -81.985298 35.235558 -0.000017
v -81.498650 34.910400 -0.000017
v -81.498650 34.910400 -2.500016
v -81.173477 34.423756 -0.000017
v -81.173477 34.423756 -2.500016
v -81.059303 33.849735 -0.000017
v -81.059303 33.849735 -2.500017
v -81.173477 33.275711 -0.000018
v -81.173477 33.275711 -2.500017
v -81.351700 5.824813 -5.000026
v -76.007576 -0.033187 -5.000028
v -70.766197 -3.630205 -5.000030
v -76.007576 -0.033187 -0.000028
v -57.214783 -0.857750 -0.000029
v -57.214783 -0.857750 -2.500029
v -56.640759 -0.971931 -0.000029
v -56.154118 -1.297089 -0.000029
v -56.640759 -0.971931 -2.500029
v -56.154118 -1.297089 -2.500029
v -55.828960 -1.783723 -2.500029
v -55.828960 -1.783723 -0.000029
v -55.714787 -2.357750 -2.500029
v -55.714787 -2.357750 -0.000029
v -55.828960 -2.931776 -2.500029
v -56.154118 -3.418411 -2.500029
v -55.828960 -2.931776 -0.000029
v -56.154118 -3.418411 -0.000030
v -56.640759 -3.743569 -0.000030
v -56.640759 -3.743569 -2.500030
v -57.214783 -3.857749 -0.000030
v -57.214783 -3.857749 -2.500030
v -57.788803 -3.743569 -0.000030
v -57.788803 -3.743569 -2.500030
v -15.463250 73.387787 -0.000005
v -15.138091 73.874428 -0.000004
v -15.138089 73.874428 -2.500004
v -15.023901 74.448448 -2.500004
v -15.463247 73.387787 -2.500004
v -15.949877 73.062630 -2.500004
v -16.523907 72.948456 -2.500004
v -15.949877 73.062630 -0.000005
v -16.523907 72.948456 -0.000005
v -17.097937 73.062630 -0.000005
v -17.097937 73.062630 -2.500004
v -17.584564 73.387787 -0.000005
v -17.584564 73.387787 -2.500004
v -17.909723 73.874428 -0.000004
v -18.023911 74.448448 -0.000004
v -17.909723 73.874428 -2.500004
v -18.023911 74.448448 -2.500004
v -17.909723 75.022476 -2.500004
v -17.584564 75.509117 -2.500004
v -17.909723 75.022476 -0.000004
v -17.584564 75.509117 -0.000004
v -17.097937 75.834274 -0.000004
v -16.523907 75.948448 -0.000004
v -17.097937 75.834274 -2.500003
v -16.523907 75.948448 -2.500003
v -15.949877 75.834274 -2.500003
v -15.463247 75.509117 -2.500004
v -15.949877 75.834274 -0.000004
v -15.463250 75.509117 -0.000004
v -15.138091 75.022476 -0.000004
v -15.138089 75.022476 -2.500004
v 62.467091 -29.348890 -5.000001
v 61.236992 -28.845404 -5.000001
v 62.467091 -29.348890 -0.000001
v 64.044266 -29.649984 -5.000001
v 77.905983 -29.612732 -5.000001
v 64.044266 -29.649984 -0.000001
v 77.905983 -29.612732 -0.000001
v 82.345444 -30.674683 -0.000001
v 84.416710 -31.970247 -0.000000
v 82.345444 -30.674683 -5.000001
v 84.416710 -31.970247 -5.000001
v 85.806503 -34.170269 -5.000001
v 86.295212 -36.364429 -5.000001
v 81.581337 -36.289684 -5.000001
v 85.806503 -34.170269 -0.000000
v 86.295212 -36.364429 -0.000001
v 86.070145 -38.419300 -0.000001
v 81.728874 -36.956371 -0.000001
v 81.581337 -36.289684 -0.000001
v 81.610062 -37.628769 -0.000001
v 81.728874 -36.956371 -5.000001
v 81.610062 -37.628769 -5.000001
v 81.242973 -38.204514 -5.000001
v 80.683502 -38.595951 -5.000001
v 81.242973 -38.204514 -0.000000
v 80.683502 -38.595951 -0.000001
v 80.016808 -38.743496 -0.000000
v 81.015427 -43.246880 -0.000001
v 79.344406 -38.624676 -0.000001
v 80.016808 -38.743496 -5.000001
v 79.344406 -38.624676 -5.000001
v 78.768661 -38.257584 -5.000001
v 78.377228 -37.698105 -5.000001
v 78.768661 -38.257584 -0.000001
v 78.377228 -37.698105 -0.000001
v 78.229683 -37.031418 -0.000001
v 78.348503 -36.359020 -0.000001
v 78.229683 -37.031418 -5.000001
v 78.348503 -36.359020 -5.000001
v 78.715591 -35.783276 -5.000001
v 79.275070 -35.391838 -5.000001
v 78.715591 -35.783276 -0.000001
v 79.275070 -35.391838 -0.000001
v 79.941757 -35.244301 -0.000000
v 80.614159 -35.363117 -0.000001
v 79.941757 -35.244301 -5.000001
v 80.614159 -35.363117 -5.000001
v 81.189903 -35.730206 -5.000001
v 81.189903 -35.730206 -0.000001
v 81.015427 -43.246880 -5.000001
v 77.613113 -43.313107 -0.000001
v 83.186882 -42.385460 -0.000001
v 84.973587 -40.696369 -0.000001
v 83.186882 -42.385460 -5.000001
v 84.973587 -40.696369 -5.000001
v 86.070145 -38.419300 -5.000001
v 72.079453 -42.577000 -0.000001
v 77.613113 -43.313107 -5.000001
v 72.079453 -42.577000 -5.000001
v 62.850555 -41.478031 -5.000001
v 62.850555 -41.478031 -0.000000
v 61.513821 -41.637413 -5.000001
v 60.264797 -42.020298 -5.000001
v 61.513821 -41.637413 -0.000000
v 60.264797 -42.020298 -0.000001
v 58.757507 -42.449272 -0.000001
v 58.757507 -42.449272 -5.000001
v 57.441792 -42.803062 -0.000001
v 57.441792 -42.803062 -5.000001
v 55.967636 -43.034805 -0.000001
v 55.967636 -43.034805 -5.000001
v 54.522583 -43.199852 -0.000001
v 54.522583 -43.199852 -5.000001
v 53.205238 -43.314777 -0.000001
v 51.758549 -43.240963 -0.000001
v 53.205238 -43.314777 -5.000001
v 51.758549 -43.240963 -5.000001
v 50.153419 -43.045097 -5.000001
v 48.690937 -42.461628 -5.000001
v 50.153419 -43.045097 -0.000001
v 48.690937 -42.461628 -0.000000
v 47.999828 -41.989429 -0.000001
v 47.341259 -41.237926 -0.000001
v 47.999828 -41.989429 -5.000001
v 47.341259 -41.237926 -5.000001
v 46.860054 -40.372387 -5.000001
v 46.506123 -39.536850 -5.000001
v 46.860054 -40.372387 -0.000001
v 46.506123 -39.536850 -0.000001
v 46.256676 -38.695858 -0.000001
v 46.026505 -37.722908 -0.000001
v 46.256676 -38.695858 -5.000001
v 46.026505 -37.722908 -5.000001
v 45.861816 -36.599869 -5.000001
v 45.678020 -35.111176 -5.000001
v 45.861816 -36.599869 -0.000001
v 45.678020 -35.111176 -0.000000
v 45.626202 -34.343651 -0.000000
v 45.654484 -33.304802 -0.000000
v 45.626202 -34.343651 -5.000001
v 45.654484 -33.304802 -5.000001
v 45.758179 -32.005356 -5.000001
v 46.047642 -30.952850 -5.000001
v 45.758179 -32.005356 -0.000000
v 46.047642 -30.952850 -0.000001
v 46.368114 -30.092525 -0.000001
v 46.797737 -29.216024 -0.000001
v 46.368114 -30.092525 -5.000001
v 46.797737 -29.216024 -5.000001
v 47.420105 -28.219435 -5.000001
v 48.137604 -27.238827 -5.000001
v 47.420105 -28.219435 -0.000001
v 48.137604 -27.238827 -0.000001
v 49.094051 -26.120010 -0.000001
v 49.994587 -25.334108 -0.000000
v 49.094051 -26.120010 -5.000001
v 49.994587 -25.334108 -5.000001
v 50.848545 -24.859678 -5.000001
v 52.016205 -24.501051 -5.000001
v 50.848545 -24.859678 -0.000001
v 52.016205 -24.501051 -0.000001
v 53.030304 -24.494390 -0.000001
v 54.247185 -24.730566 -0.000000
v 53.030304 -24.494390 -5.000001
v 54.247185 -24.730566 -5.000001
v 55.690601 -25.317942 -5.000001
v 57.092854 -25.988426 -5.000001
v 55.690601 -25.317942 -0.000000
v 57.092854 -25.988426 -0.000000
v 58.280632 -26.764404 -0.000001
v 59.844078 -27.872730 -0.000000
v 58.280632 -26.764404 -5.000001
v 59.844078 -27.872730 -5.000001
v 61.236992 -28.845404 -0.000000
v -95.213249 -62.435829 -0.000003
v -80.980316 -62.629292 0.000002
v -95.213249 -62.435829 -5.000002
v -99.921448 -62.666817 -0.000004
v -103.513268 -63.582680 -0.000005
v -99.921448 -62.666817 -5.000005
v -102.908356 -69.702461 -0.000005
v -103.321686 -69.636909 -0.000005
v -102.647308 -69.743874 -0.000005
v -102.065178 -70.100769 -0.000004
v -102.647308 -69.743874 -5.000005
v -103.321686 -69.636909 -5.000005
v -102.065178 -70.100769 -5.000005
v -101.663948 -70.653259 -5.000005
v -101.663948 -70.653259 -0.000004
v -101.504700 -71.317238 -5.000005
v -101.611656 -71.991638 -5.000005
v -101.504700 -71.317238 -0.000004
v -101.611656 -71.991638 -0.000004
v -101.968559 -72.573753 -0.000004
v -102.521049 -72.974983 -0.000004
v -101.968559 -72.573753 -5.000005
v -102.521049 -72.974983 -5.000004
v -103.185043 -73.134247 -5.000005
v -103.185043 -73.134247 -0.000005
v -103.859421 -73.027267 -5.000004
v -104.441536 -72.670387 -5.000005
v -103.859421 -73.027267 -0.000005
v -104.441536 -72.670387 -0.000005
v -104.842766 -72.117882 -0.000005
v -105.002029 -71.453896 -0.000005
v -104.842766 -72.117882 -5.000005
v -105.002029 -71.453896 -5.000005
v -104.541855 -72.532249 -5.000005
v -108.533424 -75.132263 -5.000006
v -108.533424 -75.132263 -0.000006
v -106.480614 -77.591240 -5.000005
v -109.199806 -71.731850 -5.000006
v -108.447403 -68.075508 -5.000006
v -109.199806 -71.731850 -0.000006
v -108.447403 -68.075508 -0.000007
v -106.466965 -65.199646 -0.000006
v -106.466965 -65.199646 -5.000006
v -103.513268 -63.582680 -5.000005
v -102.993446 -79.188469 -5.000005
v -106.480614 -77.591240 -0.000005
v -102.993446 -79.188469 -0.000004
v -98.119827 -79.844254 -0.000002
v -98.119827 -79.844254 -5.000002
v -73.563484 -79.527199 0.000005
v -73.563484 -79.527199 -4.999994
v -71.495544 -79.102722 0.000006
v -69.597961 -78.258560 0.000007
v -71.495544 -79.102722 -4.999994
v -69.597961 -78.258560 -4.999993
v -68.064842 -76.999542 -4.999993
v -66.752296 -75.181602 -4.999992
v -68.064842 -76.999542 0.000007
v -66.752296 -75.181602 0.000007
v -65.626160 -73.245201 0.000007
v -64.127953 -70.249733 0.000008
v -65.626160 -73.245201 -4.999992
v -64.127953 -70.249733 -4.999992
v -62.926369 -67.000328 -4.999992
v -62.012688 -63.895107 -4.999991
v -62.926369 -67.000328 0.000008
v -62.012688 -63.895107 0.000008
v -61.386673 -61.366047 0.000008
v -60.913101 -58.870953 0.000008
v -61.386673 -61.366047 -4.999991
v -60.913101 -58.870953 -4.999991
v -60.675697 -56.315826 -4.999991
v -60.943081 -53.947266 -4.999992
v -60.675697 -56.315826 0.000008
v -60.943081 -53.947266 0.000008
v -61.749577 -51.735889 0.000008
v -62.736988 -50.333435 0.000007
v -61.749577 -51.735889 -4.999992
v -62.736988 -50.333435 -4.999993
v -64.568367 -48.960690 -4.999993
v -64.568367 -48.960690 0.000007
v -67.249863 -47.649738 -4.999994
v -67.249863 -47.649738 0.000006
v -68.304970 -47.384041 -4.999995
v -69.453133 -47.240948 -4.999995
v -68.304970 -47.384041 0.000005
v -69.453133 -47.240948 0.000005
v -70.512978 -47.244858 0.000004
v -71.538437 -47.361496 0.000004
v -70.512978 -47.244858 -4.999995
v -71.538437 -47.361496 -4.999996
v -72.505013 -47.576134 -4.999996
v -73.437210 -47.903496 -4.999996
v -72.505028 -47.576134 0.000004
v -73.437210 -47.903496 0.000003
v -74.281097 -48.377861 0.000003
v -75.218040 -48.974846 0.000003
v -74.281097 -48.377861 -4.999997
v -75.218040 -48.974846 -4.999997
v -76.529800 -50.190140 -4.999997
v -77.834251 -51.857193 -4.999998
v -76.529800 -50.190140 0.000003
v -77.834267 -51.857193 0.000003
v -78.910263 -53.871174 0.000002
v -79.565315 -55.844318 0.000002
v -78.910263 -53.871174 -4.999998
v -79.565315 -55.844318 -4.999998
v -80.024467 -57.533028 -4.999998
v -80.024467 -57.533028 0.000002
v -80.365791 -59.501080 -4.999998
v -80.365791 -59.501080 0.000002
v -80.707222 -61.302456 -4.999998
v -80.980316 -62.629292 -4.999998
v -80.707222 -61.302456 0.000002
v -104.895073 -70.779518 -5.000005
v -104.538170 -70.197388 -5.000005
v -104.895073 -70.779518 -0.000005
v -104.538170 -70.197388 -0.000005
v -103.985664 -69.796158 -0.000005
v -103.985664 -69.796158 -5.000005
v 48.960186 -87.532547 -5.000000
v 48.960186 -87.532547 -0.000000
v 37.460186 -87.532562 -5.000000
v 48.960178 -77.532562 -5.000000
v 43.210186 -84.032547 -5.000000
v 43.784218 -83.918381 -5.000000
v 43.210186 -84.032547 -0.000001
v 42.636154 -83.918381 -5.000000
v 42.636154 -83.918381 -0.000001
v 42.149529 -83.593216 -5.000000
v 42.149529 -83.593216 -0.000001
v 41.824371 -83.106575 -5.000000
v 41.824371 -83.106575 -0.000001
v 41.710182 -82.532555 -5.000000
v 41.710182 -82.532555 -0.000001
v 41.824371 -81.958534 -5.000000
v 41.824371 -81.958534 -0.000001
v 42.149529 -81.471909 -5.000000
v 42.149529 -81.471909 -0.000001
v 42.636154 -81.146744 -5.000000
v 42.636154 -81.146744 -0.000000
v 43.210186 -81.032562 -5.000000
v 43.210186 -81.032562 -0.000001
v 43.784210 -81.146744 -5.000000
v 43.784210 -81.146744 -0.000001
v 44.270844 -81.471909 -5.000000
v 44.270844 -81.471909 -0.000000
v 44.596001 -81.958534 -5.000000
v 44.596001 -81.958534 -0.000001
v 44.710190 -82.532555 -5.000000
v 44.596001 -83.106575 -5.000000
v 44.710190 -82.532555 -0.000001
v 44.596001 -83.106575 -0.000001
v 44.270844 -83.593216 -0.000001
v 44.270844 -83.593216 -5.000000
v 43.784218 -83.918381 -0.000001
v 48.960178 -77.532562 -0.000000
v 83.960190 -77.532547 0.000000
v 83.960175 -57.532547 0.000000
v 83.960190 -77.532547 -5.000000
v 77.890404 -68.593216 -0.000000
v 78.215561 -68.106575 0.000000
v 77.890404 -68.593216 -5.000000
v 77.403770 -68.918381 -0.000000
v 76.829750 -69.032547 0.000000
v 77.403770 -68.918381 -5.000000
v 76.829750 -69.032547 -5.000000
v 76.255714 -68.918381 -5.000000
v 75.769081 -68.593216 -5.000000
v 76.255714 -68.918381 -0.000000
v 75.769081 -68.593216 -0.000000
v 75.443924 -68.106575 0.000000
v 75.329742 -67.532555 -0.000000
v 75.443924 -68.106575 -5.000000
v 75.329742 -67.532555 -5.000000
v 75.443924 -66.958534 -5.000000
v 75.443924 -66.958534 0.000000
v 75.769081 -66.471893 -5.000000
v 76.255714 -66.146729 -5.000000
v 75.769081 -66.471893 -0.000000
v 76.255714 -66.146729 -0.000000
v 76.829750 -66.032562 0.000000
v 77.403770 -66.146729 -0.000000
v 76.829750 -66.032562 -5.000000
v 77.403770 -66.146729 -5.000000
v 77.890404 -66.471893 -5.000000
v 83.960175 -57.532547 -5.000000
v 77.890404 -66.471893 -0.000000
v 78.215561 -66.958534 -5.000000
v 78.215561 -66.958534 0.000000
v 78.329742 -67.532555 -5.000000
v 78.215561 -68.106575 -5.000000
v 78.329742 -67.532555 0.000000
v 48.960178 -57.532555 -5.000000
v 48.960178 -57.532555 -0.000000
v 43.210178 -54.032558 -5.000000
v 48.960178 -47.532558 -5.000000
v 48.960178 -47.532558 -0.000000
v 37.460178 -47.532558 -5.000000
v 43.210178 -51.032558 -5.000000
v 43.210178 -51.032558 0.000001
v 43.784203 -51.146732 -5.000000
v 42.636154 -51.146740 -5.000000
v 42.636154 -51.146740 0.000001
v 42.149513 -51.471897 -5.000000
v 42.149513 -51.471897 0.000001
v 41.824356 -51.958530 -5.000000
v 41.824356 -51.958530 -0.000001
v 41.710175 -52.532562 -5.000000
v 41.710175 -52.532562 -0.000001
v 41.824356 -53.106583 -5.000000
v 41.824356 -53.106583 -0.000001
v 42.149513 -53.593220 -5.000000
v 42.149513 -53.593220 -0.000001
v 42.636154 -53.918377 -5.000000
v 42.636154 -53.918377 -0.000000
v 43.210178 -54.032558 -0.000001
v 43.784203 -53.918377 -0.000001
v 43.784203 -53.918377 -5.000000
v 44.270836 -53.593220 -0.000000
v 44.596001 -53.106583 0.000000
v 44.270836 -53.593220 -5.000000
v 44.596001 -53.106583 -5.000000
v 44.710175 -52.532555 -5.000000
v 44.710175 -52.532555 0.000001
v 44.595993 -51.958530 -5.000000
v 44.595993 -51.958530 0.000000
v 44.270836 -51.471897 -5.000000
v 44.270836 -51.471897 0.000000
v 43.784203 -51.146732 0.000001
v 37.460178 -47.532558 -0.000000
v 37.460178 -62.532558 -5.000000
v 37.460178 -62.532558 -0.000000
v 43.960182 -62.532558 -5.000000
v 43.960182 -62.532558 0.000000
v 43.960182 -72.532562 -5.000000
v 43.960182 -72.532562 0.000000
v 37.460186 -72.532562 -5.000000
v 37.460186 -72.532562 -0.000000
v 37.460186 -87.532562 -0.000000
v 83.574348 -13.538189 -5.000000
v 84.843781 -13.144262 -5.000000
v 83.574348 -13.538189 -0.000000
v 81.976868 -13.700116 -5.000000
v 68.171570 -12.450118 -5.000000
v 81.976868 -13.700116 -0.000000
v 68.171570 -12.450118 0.000000
v 63.656219 -13.119553 -0.000000
v 61.479538 -14.228918 -0.000000
v 63.656219 -13.119553 -5.000000
v 61.479538 -14.228918 -5.000000
v 59.902580 -16.298897 -5.000000
v 59.223755 -18.441877 -5.000000
v 59.902580 -16.298897 0.000000
v 59.223755 -18.441877 -0.000000
v 63.926079 -18.779877 0.000000
v 63.720772 -19.431095 -0.000000
v 64.364975 -18.256798 -0.000000
v 63.926079 -18.779877 -5.000000
v 63.720772 -19.431095 -5.000000
v 64.364975 -18.256798 -5.000000
v 64.970634 -17.941494 -5.000000
v 65.650848 -17.881964 -5.000000
v 64.970634 -17.941494 -0.000000
v 65.650848 -17.881964 0.000000
v 66.302071 -18.087271 -0.000000
v 66.302071 -18.087271 -5.000000
v 66.825134 -18.526159 0.000000
v 66.825134 -18.526159 -5.000000
v 67.140457 -19.131817 0.000000
v 67.199982 -19.812037 -0.000000
v 67.140457 -19.131817 -5.000000
v 67.199982 -19.812037 -5.000000
v 66.994682 -20.463259 -5.000000
v 66.555779 -20.986334 -5.000000
v 66.994682 -20.463259 0.000000
v 66.555779 -20.986334 -0.000000
v 65.950127 -21.301641 -0.000000
v 65.950127 -21.301641 -5.000000
v 65.269913 -21.361172 0.000000
v 64.618690 -21.155865 -0.000000
v 65.269913 -21.361172 -5.000000
v 63.881084 -25.759912 -5.000000
v 64.618690 -21.155865 -5.000000
v 64.095612 -20.716972 -5.000000
v 63.780300 -20.111315 -5.000000
v 64.095612 -20.716972 0.000000
v 63.780300 -20.111315 -0.000000
v 63.881084 -25.759912 0.000000
v 67.264549 -26.123583 -5.000000
v 61.793327 -24.711788 -5.000000
v 60.161270 -22.872843 -5.000000
v 61.793327 -24.711788 -0.000000
v 60.161270 -22.872843 -0.000000
v 59.268162 -20.508558 -0.000000
v 59.268162 -20.508558 -5.000000
v 67.264549 -26.123583 -0.000000
v 72.841400 -25.874489 -5.000000
v 72.841400 -25.874489 0.000000
v 82.131042 -25.587246 -5.000000
v 82.131042 -25.587246 -0.000000
v 83.448715 -25.862984 -5.000000
v 84.659447 -26.353687 -5.000000
v 83.448715 -25.862984 -0.000000
v 84.659447 -26.353687 -0.000000
v 86.123421 -26.912912 -0.000000
v 87.403137 -27.380459 -0.000000
v 86.123421 -26.912912 -5.000000
v 87.403137 -27.380459 -5.000000
v 88.851357 -27.740299 -5.000000
v 90.276428 -28.031155 -5.000000
v 88.851357 -27.740299 -0.000000
v 90.276428 -28.031155 -0.000000
v 91.578659 -28.260908 -0.000000
v 93.026276 -28.313965 -0.000000
v 91.578659 -28.260908 -5.000000
v 93.026276 -28.313965 -5.000000
v 94.642380 -28.259300 -5.000000
v 96.150299 -27.806028 -5.000000
v 94.642380 -28.259300 -0.000000
v 96.150299 -27.806028 -0.000000
v 96.880074 -27.396112 0.000000
v 97.601868 -26.705116 -0.000000
v 96.880074 -27.396112 -5.000000
v 97.601868 -26.705116 -5.000000
v 98.156967 -25.885000 -5.000000
v 98.582649 -25.083639 -5.000000
v 98.156967 -25.885000 0.000000
v 98.582649 -25.083639 0.000000
v 98.904724 -24.267696 -0.000000
v 99.219154 -23.318619 -0.000000
v 98.904724 -24.267696 -5.000000
v 99.219154 -23.318619 -5.000000
v 99.481468 -22.214300 -5.000000
v 99.794830 -20.747393 -5.000000
v 99.481468 -22.214300 -0.000000
v 99.794830 -20.747393 0.000000
v 99.913589 -19.987349 0.000000
v 99.976326 -18.950016 0.000000
v 99.913589 -19.987349 -5.000000
v 99.976326 -18.950016 -5.000000
v 99.986725 -17.646473 -5.000000
v 99.790459 -16.572676 -5.000000
v 99.986725 -17.646473 0.000000
v 99.790459 -16.572676 0.000000
v 99.546501 -15.687611 0.000000
v 99.195221 -14.776878 -0.000000
v 99.546501 -15.687611 -5.000000
v 99.195221 -14.776878 -5.000000
v 98.662437 -13.729658 -5.000000
v 98.033493 -12.690026 -5.000000
v 98.662437 -13.729658 -0.000000
v 98.033493 -12.690026 -0.000000
v 97.178604 -11.491813 0.000000
v 96.350288 -10.630131 -0.000000
v 97.178604 -11.491813 -5.000000
v 96.350288 -10.630131 -5.000000
v 95.541115 -10.082792 -5.000000
v 94.409317 -9.623371 -5.000000
v 95.541115 -10.082792 0.000000
v 94.409317 -9.623371 -0.000000
v 93.399689 -9.528011 -0.000000
v 92.166817 -9.656802 -0.000000
v 93.399689 -9.528011 -5.000000
v 92.166817 -9.656802 -5.000000
v 90.677536 -10.115627 -5.000000
v 89.221992 -10.660842 -5.000000
v 90.677536 -10.115627 -0.000000
v 89.221992 -10.660842 -0.000000
v 87.970879 -11.329919 -0.000000
v 86.316460 -12.297194 -0.000000
v 87.970879 -11.329919 -5.000000
v 86.316460 -12.297194 -5.000000
v 84.843781 -13.144262 -0.000000
v -84.981705 -42.086269 -4.999995
v -99.213547 -41.825603 -5.000003
v -84.981705 -42.086269 0.000004
v -80.272453 -41.877518 -4.999993
v -76.676346 -40.978622 -4.999992
v -80.272461 -41.877510 0.000007
v -76.676346 -40.978622 0.000008
v -77.252365 -34.856056 0.000005
v -76.839340 -34.923565 0.000005
v -77.513214 -34.813416 0.000005
v -77.513214 -34.813416 -4.999995
v -78.093643 -34.453777 0.000004
v -78.093643 -34.453777 -4.999995
v -78.492264 -33.899391 0.000004
v -78.492264 -33.899391 -4.999996
v -78.648384 -33.234661 0.000004
v -78.648384 -33.234661 -4.999996
v -78.538239 -32.560791 0.000004
v -78.538231 -32.560791 -4.999996
v -78.178589 -31.980362 0.000004
v -77.624207 -31.581741 0.000003
v -78.178589 -31.980362 -4.999996
v -77.624199 -31.581749 -4.999996
v -76.959473 -31.425629 -4.999996
v -76.285599 -31.535770 -4.999996
v -76.959480 -31.425621 0.000004
v -76.285606 -31.535770 0.000004
v -75.705177 -31.895411 0.000005
v -75.306564 -32.449802 0.000005
v -75.705177 -31.895418 -4.999995
v -75.406219 -32.311203 -4.999995
v -71.601707 -29.452877 -4.999994
v -75.306557 -32.449802 -4.999995
v -75.150436 -33.114525 -4.999994
v -75.260590 -33.788403 -4.999994
v -75.150436 -33.114525 0.000005
v -75.260590 -33.788403 0.000005
v -70.951401 -32.856392 0.000007
v -71.721054 -36.509136 0.000008
v -70.951401 -32.856400 -4.999992
v -71.601707 -29.452873 0.000006
v -73.642891 -26.984236 0.000004
v -77.122475 -25.370565 0.000001
v -73.642891 -26.984240 -4.999996
v -77.122475 -25.370565 -4.999999
v -81.992943 -24.691780 -5.000002
v -81.992943 -24.691774 -0.000002
v -106.550507 -24.892868 -5.000014
v -106.550507 -24.892864 -0.000014
v -108.620438 -25.307564 -5.000014
v -110.521973 -26.142763 -5.000015
v -108.620438 -25.307564 -0.000014
v -110.521973 -26.142763 -0.000015
v -112.061020 -27.394520 -0.000015
v -113.382133 -29.206244 -0.000015
v -112.061020 -27.394524 -5.000015
v -113.382133 -29.206244 -5.000015
v -114.517418 -31.137323 -5.000015
v -116.029739 -34.125675 -5.000014
v -114.517418 -31.137323 -0.000015
v -116.029739 -34.125668 -0.000014
v -117.246658 -37.369358 -0.000013
v -118.175003 -40.470238 -0.000012
v -117.246658 -37.369366 -5.000013
v -118.175003 -40.470238 -5.000012
v -118.812950 -42.996315 -5.000012
v -119.298279 -45.489143 -5.000011
v -118.812950 -42.996315 -0.000012
v -119.298279 -45.489143 -0.000010
v -119.547752 -48.043121 -0.000010
v -119.291573 -50.412918 -0.000009
v -119.547752 -48.043121 -5.000010
v -119.291573 -50.412918 -5.000008
v -118.495491 -52.628082 -5.000007
v -117.514732 -54.035183 -5.000006
v -118.495522 -52.628082 -0.000007
v -117.514732 -54.035183 -0.000006
v -115.689873 -55.416557 -0.000005
v -115.689873 -55.416565 -5.000005
v -113.014580 -56.740154 -0.000003
v -113.014580 -56.740162 -5.000003
v -111.960739 -57.010834 -0.000002
v -110.813263 -57.159351 -0.000002
v -111.960739 -57.010834 -5.000002
v -110.813263 -57.159351 -5.000002
v -109.753403 -57.160442 -5.000001
v -108.727425 -57.048653 -5.000001
v -109.753403 -57.160442 -0.000001
v -108.727425 -57.048645 -0.000000
v -107.759834 -56.838577 -0.000000
v -106.826096 -56.515614 -0.000000
v -107.759834 -56.838577 -5.000000
v -106.826096 -56.515614 -5.000000
v -105.979988 -56.045238 -5.000000
v -105.040245 -55.452694 -5.000000
v -105.980003 -56.045238 0.000000
v -105.040245 -55.452694 0.000000
v -103.722755 -54.243607 0.000001
v -102.410446 -52.582722 0.000000
v -103.722755 -54.243607 -4.999999
v -102.410446 -52.582729 -5.000000
v -101.324936 -50.573860 -5.000000
v -100.660568 -48.603828 -5.000000
v -101.324936 -50.573853 0.000000
v -100.660568 -48.603828 -0.000000
v -100.193466 -46.917301 -0.000001
v -99.842842 -44.950882 -0.000001
v -100.193466 -46.917301 -5.000001
v -99.842842 -44.950882 -5.000002
v -99.492897 -43.151138 -5.000002
v -99.492897 -43.151131 -0.000002
v -99.213562 -41.825596 -0.000003
v -71.721046 -36.509144 -4.999991
v -73.715050 -39.375622 -4.999991
v -73.715050 -39.375622 0.000009
v -75.620224 -34.368824 0.000006
v -75.620224 -34.368832 -4.999994
v -76.174614 -34.767445 0.000006
v -76.174606 -34.767445 -4.999994
v -76.839333 -34.923565 -4.999994
v 30.661835 -75.233818 -0.000032
v 29.120256 -76.056000 -0.000033
v 30.661833 -75.233818 -5.000032
v 30.661831 -47.937160 -0.000017
v 18.670944 -58.478653 -0.000023
v 2.479849 -45.586884 -0.000015
v 30.661829 -47.937157 -5.000017
v 2.479850 -45.586884 -5.000016
v 18.670942 -58.478645 -5.000023
v 18.184307 -58.153488 -5.000022
v 18.996101 -58.965279 -5.000023
v 19.110281 -59.539314 -5.000023
v 18.996103 -58.965279 -0.000023
v 19.110283 -59.539314 -0.000023
v 18.996103 -60.113338 -0.000024
v 18.996101 -60.113338 -5.000024
v 18.670944 -60.599979 -0.000024
v 18.184309 -60.925137 -0.000024
v 18.670942 -60.599964 -5.000024
v 18.184307 -60.925121 -5.000024
v 17.610281 -61.039310 -5.000024
v 17.036255 -60.925121 -5.000024
v 17.610283 -61.039310 -0.000024
v 17.036257 -60.925137 -0.000024
v 16.549623 -60.599979 -0.000024
v 16.549623 -60.599964 -5.000024
v 16.224464 -60.113338 -0.000024
v 16.207518 -60.028149 -0.000023
v 16.224464 -60.113338 -5.000024
v 16.110285 -59.539314 -5.000023
v 16.224464 -58.965279 -5.000023
v 2.479850 -60.557854 -5.000024
v 16.110285 -59.539314 -0.000023
v 16.224464 -58.965290 -0.000023
v 16.549623 -58.478653 -0.000023
v 17.036257 -58.153496 -0.000023
v 16.549623 -58.478645 -5.000023
v 17.036255 -58.153488 -5.000022
v 17.610281 -58.039307 -5.000022
v 17.610283 -58.039314 -0.000023
v 18.184309 -58.153496 -0.000023
v -10.011727 -60.557854 -5.000024
v 2.479849 -60.557854 -0.000024
v -10.011727 -60.557854 -0.000024
v -10.011727 -50.086887 -0.000018
v -44.918270 -50.086895 -0.000018
v -10.011727 -50.086887 -5.000018
v -44.918270 -50.086887 -5.000018
v -44.918278 -24.991755 -5.000004
v -44.918278 -24.991755 -0.000004
v -51.303127 -19.672264 -5.000001
v -51.303127 -19.672264 -0.000001
v -52.143253 -22.441801 -5.000003
v -52.143253 -22.441801 -0.000002
v -53.507545 -24.994221 -5.000004
v -55.343590 -27.231443 -5.000005
v -53.507545 -24.994221 -0.000004
v -55.343590 -27.231443 -0.000005
v -57.580807 -29.067476 -0.000006
v -60.133224 -30.431774 -0.000007
v -57.580807 -29.067476 -5.000006
v -60.133224 -30.431774 -5.000007
v -62.902763 -31.271904 -5.000007
v -65.782990 -31.555578 -5.000007
v -62.902763 -31.271904 -0.000007
v -65.782990 -31.555578 -0.000007
v -66.223602 -31.512186 -0.000007
v -66.223602 -43.566460 -0.000014
v -66.223602 -31.512186 -5.000007
v -66.223602 -43.566460 -5.000014
v -65.782990 -43.523060 -5.000014
v -65.782990 -43.523067 -0.000014
v -62.902763 -43.806740 -5.000015
v -62.902763 -43.806740 -0.000014
v -60.133224 -44.646866 -5.000015
v -57.580807 -46.011166 -5.000016
v -60.133224 -44.646873 -0.000015
v -57.580807 -46.011173 -0.000016
v -55.343590 -47.847202 -0.000017
v -53.507545 -50.084427 -0.000018
v -55.343590 -47.847202 -5.000017
v -53.507545 -50.084419 -5.000018
v -52.143246 -52.636841 -5.000020
v -52.143246 -52.636848 -0.000019
v -51.303120 -55.406384 -5.000021
v -51.303120 -55.406384 -0.000021
v -51.019436 -58.286606 -5.000022
v -51.303120 -61.166836 -5.000024
v -51.019436 -58.286606 -0.000022
v -51.303120 -61.166836 -0.000024
v -52.143246 -63.936382 -0.000026
v -53.507545 -66.488800 -0.000027
v -52.143246 -63.936367 -5.000026
v -53.507545 -66.488800 -5.000027
v -43.775528 -68.965286 -5.000029
v -43.450371 -68.478661 -5.000029
v -43.775528 -68.965302 -0.000029
v -43.889709 -69.539322 -5.000029
v -43.775528 -70.113342 -5.000030
v -43.889709 -69.539322 -0.000029
v -43.775528 -70.113342 -0.000030
v -43.450371 -70.599991 -0.000030
v -51.013351 -80.367119 -0.000035
v -42.963737 -70.925148 -0.000030
v -43.450371 -70.599976 -5.000030
v -42.963737 -70.925133 -5.000030
v -42.389713 -71.039322 -5.000030
v -41.815689 -70.925133 -5.000030
v -42.389713 -71.039322 -0.000030
v -41.815689 -70.925148 -0.000030
v -41.329048 -70.599991 -0.000029
v -35.567066 -84.377441 -0.000037
v -35.654255 -85.566711 -0.000038
v -34.941727 -81.607895 -0.000036
v -35.567066 -84.377441 -5.000037
v -34.941727 -81.607895 -5.000036
v -35.654255 -85.566711 -5.000038
v -39.297348 -84.683540 -5.000037
v -39.297348 -84.683540 -0.000037
v -44.641487 -83.141953 -5.000036
v -51.013351 -80.367119 -5.000035
v -44.641487 -83.141968 -0.000037
v -56.871353 -75.022980 -5.000032
v -59.301563 -71.481827 -5.000030
v -56.871353 -75.022980 -0.000032
v -59.301563 -71.481827 -0.000030
v -57.580799 -70.562050 -0.000030
v -55.343582 -68.726021 -0.000029
v -57.580799 -70.562050 -5.000030
v -55.343582 -68.726021 -5.000029
v -33.926220 -79.055473 -5.000034
v -32.559574 -76.818260 -5.000033
v -33.926220 -79.055473 -0.000034
v -32.559574 -76.818260 -0.000033
v -30.894325 -74.982224 -0.000032
v -28.994457 -73.617935 -0.000031
v -30.894327 -74.982224 -5.000032
v -28.994459 -73.617920 -5.000031
v -26.932974 -72.777794 -5.000031
v -26.932972 -72.777794 -0.000031
v -24.789099 -72.494118 -5.000031
v -24.789097 -72.494118 -0.000031
v -22.645224 -72.777794 -5.000031
v -22.645222 -72.777794 -0.000031
v -20.583738 -73.617920 -5.000031
v -18.683870 -74.982224 -5.000032
v -20.583736 -73.617935 -0.000031
v -18.683868 -74.982224 -0.000032
v -17.018610 -76.818260 -0.000033
v -17.018612 -76.818260 -5.000033
v -15.651973 -79.055473 -0.000034
v -14.636466 -81.607895 -0.000036
v -15.651975 -79.055473 -5.000034
v -14.636468 -81.607895 -5.000036
v -14.011126 -84.377441 -5.000037
v -14.011125 -84.377441 -0.000037
v -13.878871 -86.181480 -5.000038
v -13.878869 -86.181488 -0.000038
v -11.343388 -85.814026 -5.000038
v -11.343388 -85.814026 -0.000038
v -5.279844 -84.066895 -5.000037
v 1.708647 -80.778198 -5.000035
v -5.279845 -84.066895 -0.000037
v 1.708647 -80.778198 -0.000035
v 6.641699 -77.797813 -0.000033
v 9.622087 -75.536835 -0.000032
v 6.641699 -77.797813 -5.000033
v 9.622087 -75.536835 -5.000032
v 11.136481 -74.366615 -5.000031
v 12.237856 -73.506165 -5.000031
v 11.136481 -74.366615 -0.000032
v 12.237856 -73.506165 -0.000031
v 12.891801 -72.783379 -0.000031
v 13.339234 -72.335945 -0.000030
v 12.891801 -72.783379 -5.000031
v 13.339234 -72.335945 -5.000031
v 13.717835 -72.198273 -5.000031
v 14.337359 -72.163849 -5.000031
v 13.717835 -72.198273 -0.000031
v 14.337359 -72.163864 -0.000030
v 15.060140 -72.163864 -0.000031
v 15.817339 -72.473618 -0.000031
v 15.060140 -72.163849 -5.000031
v 15.817339 -72.473618 -5.000031
v 16.540119 -72.955475 -5.000031
v 17.400570 -73.815926 -5.000031
v 16.540119 -72.955475 -0.000031
v 17.400572 -73.815926 -0.000031
v 18.261024 -74.607552 -0.000032
v 19.018223 -75.158241 -0.000032
v 18.261023 -74.607536 -5.000031
v 19.018221 -75.158241 -5.000032
v 20.133366 -75.894775 -5.000032
v 21.255396 -76.431709 -5.000032
v 20.133368 -75.894791 -0.000033
v 21.255398 -76.431709 -0.000033
v 22.391195 -76.775879 -0.000033
v 23.974428 -76.913551 -0.000033
v 22.391193 -76.775879 -5.000033
v 23.974426 -76.913551 -5.000033
v 25.557659 -76.879128 -5.000033
v 27.578678 -76.536400 -5.000032
v 25.557661 -76.879143 -0.000033
v 27.578680 -76.536400 -0.000033
v 29.120255 -76.055992 -5.000032
v -41.329048 -70.599976 -5.000030
v -41.003891 -70.113342 -0.000029
v -40.889709 -69.539322 -0.000029
v -41.003891 -70.113342 -5.000030
v -40.889709 -69.539322 -5.000029
v -41.003891 -68.965286 -5.000029
v -41.003891 -68.965302 -0.000029
v -41.329048 -68.478661 -5.000029
v -41.329048 -68.478661 -0.000028
v -41.815689 -68.153503 -5.000028
v -41.815689 -68.153503 -0.000028
v -42.389713 -68.039314 -5.000028
v -42.389713 -68.039330 -0.000028
v -42.963737 -68.153503 -5.000028
v -42.963737 -68.153503 -0.000028
v -43.450371 -68.478661 -0.000028
s 0
f 19 122 93
f 3 2 1
f 3 4 6
f 28 4 36
f 5 6 4
f 9 8 39
f 7 11 8
f 10 14 11
f 12 15 14
f 53 98 88
f 18 15 13
f 19 16 18
f 20 17 19
f 21 22 20
f 26 23 21
f 27 24 26
f 29 25 27
f 30 31 29
f 6 41 33
f 30 33 32
f 35 34 33
f 36 38 34
f 37 39 38
f 28 43 41
f 5 41 42
f 46 43 40
f 47 44 46
f 48 45 47
f 48 51 50
f 49 52 51
f 54 53 52
f 55 58 53
f 58 57 59
f 62 59 57
f 62 61 60
f 66 63 64
f 67 64 65
f 68 65 71
f 69 71 73
f 80 82 91
f 116 83 81
f 73 75 69
f 76 75 74
f 77 78 76
f 81 79 77
f 81 82 80
f 83 84 82
f 85 86 84
f 87 88 86
f 93 89 92
f 90 91 89
f 95 92 94
f 97 94 96
f 100 96 98
f 101 98 99
f 102 99 104
f 103 104 105
f 103 106 107
f 107 108 109
f 109 110 112
f 112 111 113
f 113 115 114
f 114 70 72
f 118 91 116
f 72 117 118
f 120 119 88
f 121 123 119
f 122 125 123
f 124 128 125
f 126 129 128
f 127 130 129
f 131 132 130
f 134 133 132
f 133 136 138
f 137 138 136
f 141 139 137
f 142 141 143
f 144 143 145
f 146 145 148
f 147 148 149
f 152 149 150
f 153 150 151
f 154 151 155
f 156 155 157
f 158 157 159
f 160 159 161
f 162 161 164
f 163 164 165
f 168 165 166
f 169 166 167
f 170 167 171
f 172 171 173
f 174 173 175
f 176 175 177
f 178 177 180
f 179 180 181
f 183 181 182
f 184 182 2
f 188 186 185
f 186 187 185
f 228 232 238
f 190 189 188
f 191 192 190
f 298 194 253
f 196 193 191
f 197 194 196
f 198 195 197
f 199 200 198
f 204 201 199
f 201 209 233
f 206 203 204
f 207 206 208
f 209 208 211
f 210 211 212
f 213 231 222
f 214 212 213
f 215 214 213
f 216 217 215
f 220 218 216
f 221 220 222
f 223 222 225
f 226 223 225
f 227 224 226
f 228 229 227
f 233 231 234
f 235 230 233
f 235 238 232
f 237 238 236
f 242 239 237
f 243 240 242
f 244 241 243
f 244 247 246
f 245 248 247
f 249 250 248
f 251 252 250
f 253 254 252
f 256 255 254
f 257 259 255
f 259 202 260
f 234 260 202
f 264 261 228
f 264 263 262
f 266 263 265
f 267 268 266
f 272 269 267
f 271 272 273
f 275 273 274
f 278 274 276
f 279 276 277
f 280 277 282
f 281 282 283
f 286 283 284
f 285 286 284
f 289 287 285
f 292 288 289
f 293 290 292
f 296 293 294
f 297 294 295
f 298 295 300
f 299 300 301
f 302 299 301
f 303 304 302
f 306 303 307
f 308 307 309
f 311 308 309
f 314 310 311
f 315 312 314
f 318 315 316
f 319 316 317
f 320 317 322
f 321 322 323
f 324 323 187
f 326 327 453
f 335 406 405
f 329 325 328
f 332 328 330
f 331 332 330
f 375 446 452
f 335 333 331
f 334 337 336
f 337 338 336
f 339 340 341
f 341 343 339
f 343 344 346
f 345 346 344
f 347 350 348
f 348 351 349
f 354 351 352
f 354 353 355
f 353 356 355
f 357 358 359
f 357 360 361
f 360 363 361
f 364 363 362
f 364 367 366
f 365 368 367
f 371 368 370
f 369 372 374
f 372 375 374
f 376 373 378
f 378 377 376
f 377 380 382
f 381 382 380
f 381 384 383
f 386 385 384
f 389 386 388
f 391 389 388
f 393 390 392
f 395 392 394
f 398 394 396
f 399 396 397
f 420 398 403
f 400 397 401
f 402 401 404
f 403 404 405
f 407 405 406
f 410 406 408
f 411 408 409
f 413 411 409
f 416 412 413
f 415 416 417
f 418 415 417
f 389 419 418
f 423 387 421
f 421 424 423
f 422 425 424
f 427 426 428
f 428 429 427
f 431 430 429
f 435 432 433
f 433 436 435
f 434 437 436
f 439 438 440
f 439 442 441
f 442 443 441
f 445 444 447
f 445 448 446
f 446 449 450
f 452 449 451
f 451 453 452
f 455 456 454
f 533 871 856
f 454 458 457
f 458 459 457
f 461 460 459
f 779 780 497
f 462 465 460
f 463 466 465
f 464 467 466
f 469 468 467
f 470 472 468
f 471 475 472
f 473 476 475
f 474 477 476
f 479 478 477
f 478 482 483
f 480 487 485
f 482 517 483
f 490 485 487
f 489 487 481
f 490 514 505
f 491 486 490
f 491 494 492
f 495 494 493
f 495 498 497
f 496 499 498
f 500 501 499
f 501 504 502
f 504 506 502
f 506 507 509
f 507 510 509
f 510 513 511
f 511 514 512
f 515 512 514
f 489 516 515
f 484 521 517
f 661 653 652
f 519 522 521
f 520 523 522
f 525 524 523
f 526 528 524
f 527 531 528
f 529 532 531
f 530 533 532
f 534 535 533
f 537 536 535
f 538 877 536
f 559 538 549
f 541 543 540
f 540 545 542
f 883 555 547
f 545 548 542
f 547 548 546
f 552 549 547
f 553 550 552
f 553 556 551
f 555 556 554
f 879 557 555
f 559 872 560
f 562 560 875
f 561 595 589
f 594 563 564
f 564 566 567
f 568 567 566
f 570 569 568
f 573 570 571
f 572 579 585
f 576 573 571
f 577 574 576
f 579 577 578
f 582 578 580
f 583 580 581
f 584 581 586
f 584 587 585
f 591 587 588
f 591 590 592
f 592 595 593
f 594 595 565
f 596 599 600
f 608 589 617
f 599 597 601
f 601 603 602
f 602 605 604
f 604 608 606
f 606 609 607
f 694 608 866
f 613 612 611
f 615 611 614
f 615 616 618
f 619 616 617
f 641 619 625
f 620 617 622
f 620 623 621
f 621 598 624
f 624 626 625
f 625 628 627
f 631 627 628
f 632 629 631
f 634 632 633
f 635 634 633
f 638 635 636
f 639 636 640
f 641 640 612
f 642 643 610
f 642 644 646
f 646 645 647
f 647 655 861
f 647 649 648
f 652 648 649
f 651 652 653
f 655 653 654
f 656 655 654
f 860 656 658
f 687 658 660
f 692 659 661
f 662 663 665
f 665 664 666
f 665 672 680
f 666 669 667
f 668 669 670
f 671 668 670
f 673 672 671
f 675 674 673
f 677 676 675
f 680 677 678
f 681 678 682
f 683 682 685
f 683 686 684
f 684 688 689
f 691 688 690
f 691 660 692
f 695 693 696
f 695 694 687
f 698 694 697
f 699 700 698
f 607 701 699
f 702 693 703
f 702 706 704
f 704 707 705
f 727 706 719
f 712 709 708
f 712 711 713
f 717 713 734
f 714 716 709
f 715 719 716
f 717 720 719
f 718 721 720
f 721 724 723
f 723 728 725
f 728 726 725
f 726 730 731
f 731 732 733
f 734 733 732
f 735 736 734
f 739 737 735
f 741 738 739
f 741 711 740
f 854 727 742
f 742 744 745
f 747 744 746
f 749 746 748
f 749 750 752
f 753 750 751
f 754 751 756
f 754 757 755
f 755 758 759
f 761 758 760
f 761 762 794
f 767 763 764
f 766 765 763
f 785 778 770
f 765 769 771
f 771 770 772
f 772 775 773
f 775 774 773
f 774 777 779
f 778 779 777
f 781 780 778
f 782 518 781
f 784 783 782
f 784 787 786
f 785 788 787
f 791 788 789
f 791 792 790
f 793 764 792
f 794 795 831
f 795 798 800
f 799 796 797
f 801 798 799
f 801 802 800
f 804 806 803
f 824 819 809
f 805 808 806
f 808 809 811
f 809 812 811
f 810 813 812
f 813 816 815
f 816 817 815
f 820 817 819
f 821 818 820
f 823 822 821
f 824 825 823
f 828 826 824
f 828 797 827
f 831 830 832
f 832 834 833
f 835 834 837
f 835 838 836
f 836 839 840
f 840 841 842
f 842 843 844
f 844 845 846
f 846 847 848
f 848 849 850
f 850 851 853
f 853 852 455
f 856 743 854
f 705 855 856
f 861 857 858
f 859 658 857
f 862 858 864
f 863 864 865
f 863 866 868
f 868 867 869
f 870 867 643
f 871 596 600
f 561 871 872
f 874 875 876
f 539 876 877
f 879 878 558
f 881 878 880
f 881 885 882
f 883 886 885
f 884 887 886
f 887 890 888
f 890 541 888
f 891 895 892
f 923 891 892
f 913 903 894
f 895 896 898
f 898 897 899
f 1009 1018 917
f 897 900 899
f 900 903 901
f 903 905 901
f 904 908 905
f 908 907 909
f 933 911 925
f 907 911 909
f 912 913 916
f 914 917 916
f 917 919 918
f 918 921 920
f 920 924 922
f 922 893 923
f 927 926 1019
f 927 928 925
f 929 930 931
f 957 1014 1010
f 933 931 932
f 933 934 910
f 936 934 935
f 938 935 937
f 937 941 938
f 940 941 939
f 943 940 945
f 943 946 944
f 947 944 946
f 949 948 947
f 949 952 951
f 953 950 955
f 956 953 955
f 954 957 959
f 958 959 957
f 962 960 958
f 961 965 963
f 966 963 965
f 968 966 967
f 968 969 970
f 972 969 971
f 974 971 973
f 974 975 976
f 975 978 976
f 977 980 978
f 979 982 980
f 984 981 983
f 986 983 985
f 985 989 986
f 990 987 988
f 993 990 988
f 993 992 991
f 996 994 995
f 999 995 997
f 997 1000 999
f 1001 998 1003
f 1002 1003 1004
f 1004 1007 1002
f 1008 1005 1006
f 1009 1006 1010
f 1010 1011 1009
f 1014 1011 1013
f 1016 1014 1015
f 1016 1017 1018
f 1019 1018 1017
f 1099 1107 1022
f 1021 1023 1024
f 1023 1022 1025
f 1087 1115 1024
f 1022 1026 1025
f 1038 1106 1104
f 1030 1028 1027
f 1029 1030 1027
f 1049 1065 1082
f 1035 1032 1029
f 1036 1033 1035
f 1037 1034 1036
f 1040 1037 1038
f 1043 1040 1038
f 1044 1041 1043
f 1047 1044 1045
f 1048 1045 1046
f 1049 1046 1051
f 1050 1051 1052
f 1055 1052 1053
f 1056 1053 1054
f 1057 1054 1059
f 1058 1059 1060
f 1063 1060 1061
f 1064 1061 1062
f 1065 1062 1067
f 1066 1067 1068
f 1071 1068 1069
f 1072 1069 1070
f 1073 1070 1075
f 1074 1075 1076
f 1080 1076 1077
f 1081 1077 1079
f 1082 1079 1084
f 1083 1084 1085
f 1088 1085 1086
f 1089 1086 1087
f 1090 1087 1091
f 1031 1091 1028
f 1078 1095 1092
f 1096 1078 1093
f 1098 1096 1093
f 1100 1097 1098
f 1101 1100 1102
f 1101 1104 1103
f 1105 1104 1106
f 1107 1106 1109
f 1108 1109 1110
f 1112 1110 1111
f 1026 1112 1111
f 1095 1115 1092
f 1114 1024 1115
f 1116 1120 1117
f 1355 1554 1556
f 1116 1121 1119
f 1152 1159 1388
f 1124 1121 1118
f 1125 1122 1124
f 1126 1123 1125
f 1127 1128 1126
f 1131 1129 1127
f 1134 1130 1131
f 1135 1132 1134
f 1136 1133 1135
f 1136 1139 1138
f 1142 1139 1137
f 1142 1141 1140
f 1143 1546 1144
f 1146 1141 1144
f 1251 1222 1215
f 1148 1149 1146
f 1153 1150 1148
f 1154 1151 1153
f 1155 1152 1154
f 1156 1157 1155
f 1156 1159 1158
f 1161 1160 1159
f 1163 1160 1162
f 1164 1165 1163
f 1407 1193 1218
f 1164 1167 1166
f 1169 1168 1167
f 1171 1168 1170
f 1172 1173 1171
f 1177 1174 1172
f 1179 1175 1177
f 1398 1420 1421
f 1188 1450 1443
f 1180 1176 1179
f 1181 1182 1180
f 1185 1183 1181
f 1188 1184 1185
f 1189 1186 1188
f 1189 1193 1187
f 1190 1194 1193
f 1192 1195 1194
f 1196 1197 1198
f 1199 1196 1198
f 1200 1201 1199
f 1215 1199 1203
f 1205 1203 1202
f 1204 1205 1202
f 1542 1533 1526
f 1207 1209 1203
f 1210 1214 1209
f 1212 1211 1213
f 1507 1215 1216
f 1270 1215 1262
f 1218 1217 1215
f 1230 1215 1223
f 1220 1225 1223
f 1252 1220 1222
f 1223 1226 1224
f 1249 1241 1234
f 1224 1227 1229
f 1229 1228 1231
f 1231 1234 1232
f 1234 1233 1232
f 1235 1238 1233
f 1236 1239 1238
f 1237 1240 1239
f 1241 1242 1240
f 1243 1244 1242
f 1245 1246 1244
f 1248 1247 1246
f 1249 1251 1247
f 1250 1222 1251
f 1255 1230 1253
f 1254 1219 1230
f 1514 1269 1259
f 1256 1258 1219
f 1257 1260 1258
f 1259 1262 1260
f 1262 1263 1265
f 1263 1266 1265
f 1264 1267 1266
f 1267 1508 1268
f 1275 1270 1271
f 1273 1272 1270
f 1276 1271 1277
f 1278 1277 1280
f 1281 1278 1280
f 1282 1279 1281
f 1285 1282 1283
f 1286 1283 1287
f 1289 1286 1287
f 1290 1289 1291
f 1293 1291 1295
f 1294 1295 1296
f 1299 1296 1297
f 1364 1297 1298
f 1297 1331 1329
f 1304 1302 1301
f 1304 1305 1306
f 1306 1307 1309
f 1310 1307 1308
f 1333 1310 1318
f 1311 1308 1313
f 1312 1313 1314
f 1317 1314 1315
f 1318 1315 1316
f 1319 1316 1320
f 1323 1319 1320
f 1324 1321 1323
f 1325 1322 1324
f 1327 1326 1325
f 1329 1328 1327
f 1332 1329 1331
f 1333 1331 1302
f 1338 1300 1334
f 1300 1337 1335
f 1339 1349 1353
f 1341 1338 1334
f 1340 1341 1342
f 1344 1342 1343
f 1346 1343 1345
f 1349 1345 1347
f 1350 1347 1348
f 1351 1348 1147
f 1352 1147 1354
f 1353 1354 1355
f 1356 1353 1355
f 1359 1356 1357
f 1362 1359 1357
f 1363 1360 1362
f 1337 1363 1335
f 1366 1364 1298
f 1367 1366 1369
f 1368 1369 1370
f 1373 1370 1371
f 1374 1371 1372
f 1375 1372 1377
f 1376 1377 1378
f 1381 1378 1379
f 1382 1379 1380
f 1383 1380 1384
f 1385 1384 1386
f 1120 1386 1117
f 1387 1389 1292
f 1388 1387 1292
f 1390 1391 1389
f 1391 1395 1388
f 1399 1397 1401
f 1396 1403 1397
f 1400 1401 1402
f 1400 1403 1398
f 1405 1394 1392
f 1408 1405 1407
f 1410 1407 1409
f 1410 1392 1394
f 1411 1416 1414
f 1442 1411 1413
f 1414 1417 1415
f 1436 1428 1419
f 1415 1418 1420
f 1420 1419 1421
f 1419 1422 1421
f 1425 1424 1422
f 1426 1429 1424
f 1427 1430 1429
f 1428 1431 1430
f 1432 1191 1431
f 1433 1435 1191
f 1435 1436 1438
f 1436 1439 1438
f 1437 1440 1439
f 1441 1413 1440
f 1443 1445 1423
f 1423 1446 1444
f 1447 1455 1460
f 1448 1443 1450
f 1451 1448 1450
f 1452 1449 1451
f 1455 1452 1454
f 1457 1454 1456
f 1458 1456 1178
f 1459 1178 1461
f 1460 1461 1462
f 1464 1462 1463
f 1467 1463 1465
f 1468 1465 1466
f 1471 1468 1466
f 1469 1472 1470
f 1444 1470 1472
f 1474 1475 1473
f 1478 1473 1476
f 1479 1476 1477
f 1481 1490 1500
f 1482 1479 1477
f 1481 1482 1483
f 1485 1483 1484
f 1488 1484 1486
f 1489 1486 1487
f 1491 1489 1487
f 1493 1490 1491
f 1494 1493 1496
f 1495 1496 1497
f 1498 1495 1497
f 1501 1498 1499
f 1503 1501 1499
f 1504 1503 1475
f 1272 1505 1506
f 1505 1216 1506
f 1268 1509 1511
f 1511 1510 1512
f 1512 1514 1513
f 1514 1515 1513
f 1516 1517 1515
f 1518 1519 1517
f 1520 1253 1519
f 1521 1524 1217
f 1522 1200 1524
f 1213 1526 1525
f 1526 1527 1525
f 1527 1530 1528
f 1530 1532 1528
f 1531 1534 1532
f 1533 1537 1534
f 1535 1538 1537
f 1536 1539 1538
f 1540 1541 1539
f 1542 1543 1541
f 1543 1206 1204
f 1547 1545 1145
f 1548 1546 1143
f 1555 1547 1570
f 1545 1550 1552
f 1550 1553 1552
f 1551 1554 1553
f 1555 1556 1554
f 1560 1556 1557
f 1561 1558 1560
f 1559 1562 1564
f 1564 1563 1565
f 1565 1568 1566
f 1566 1569 1567
f 1567 1570 1572
f 1570 1573 1572
f 1571 1574 1573
f 1575 1143 1574
f 1579 1587 1621
f 1577 1578 1576
f 1579 1578 1581
f 1580 1581 1582
f 1619 1620 1581
f 1582 1585 1580
f 1583 1586 1585
f 1590 1586 1584
f 1587 1629 1597
f 1591 1587 1590
f 1592 1588 1591
f 1592 1600 1603
f 1596 1594 1589
f 1597 1593 1596
f 1598 1595 1597
f 1599 1600 1598
f 1605 1601 1599
f 1606 1602 1605
f 1607 1604 1606
f 1608 1609 1607
f 1608 1611 1610
f 1613 1612 1611
f 1614 1617 1612
f 1615 1618 1617
f 1616 1619 1618
f 1621 1620 1619
f 1622 1624 1620
f 1624 1589 1594
f 1603 1629 1627
f 1626 1625 1603
f 1627 1630 1628
f 1628 1631 1592
f 1632 1633 1626
f 1634 1636 1635
f 1635 1639 1637
f 1637 1640 1638
f 1638 1641 1642
f 1642 1643 1644
f 1644 1645 1646
f 1646 1647 1648
f 1648 1649 1651
f 1651 1650 1652
f 1652 1655 1653
f 1653 1656 1654
f 1654 1657 1659
f 1659 1658 1660
f 1660 1663 1661
f 1661 1664 1662
f 1662 1665 1667
f 1667 1666 1668
f 1668 1671 1669
f 1669 1672 1670
f 1670 1673 1675
f 1675 1674 1676
f 1676 1679 1677
f 1677 1680 1678
f 1678 1681 1683
f 1683 1682 1684
f 1684 1687 1685
f 1685 1688 1686
f 1691 1688 1689
f 1691 1690 1692
f 1692 1695 1693
f 1694 1695 1696
f 1699 1696 1697
f 1700 1697 1698
f 1700 1703 1701
f 1702 1703 1704
f 1702 1705 1707
f 1708 1705 1706
f 1708 1709 1577
f 1710 1822 1712
f 1775 1724 1727
f 1712 1713 1710
f 1713 1749 1828
f 1715 1714 1713
f 1718 1717 1721
f 1719 1720 1722
f 1726 1725 1822
f 1724 1722 1723
f 1724 1725 1727
f 1727 1726 1728
f 1728 1731 1729
f 1729 1732 1730
f 1730 1733 1734
f 1734 1735 1737
f 1737 1736 1738
f 1738 1743 1741
f 1740 1741 1742
f 1744 1753 1824
f 1744 1749 1747
f 1746 1745 1744
f 1747 1750 1748
f 1752 1750 1751
f 1753 1751 1714
f 1754 1755 1746
f 1758 1756 1754
f 1757 1760 1759
f 1759 1763 1761
f 1761 1764 1762
f 1762 1765 1767
f 1767 1766 1768
f 1768 1771 1769
f 1769 1772 1770
f 1770 1773 1775
f 1775 1774 1776
f 1776 1779 1777
f 1777 1780 1778
f 1778 1781 1783
f 1784 1781 1782
f 1784 1787 1785
f 1786 1787 1788
f 1790 1788 1789
f 1792 1789 1791
f 1795 1791 1793
f 1795 1794 1796
f 1797 1794 1799
f 1798 1799 1800
f 1798 1801 1803
f 1803 1802 1804
f 1805 1802 1807
f 1805 1808 1806
f 1811 1808 1809
f 1812 1809 1810
f 1812 1815 1813
f 1814 1815 1816
f 1818 1816 1817
f 1818 1819 1820
f 1820 1821 1823
f 1823 1822 1711
f 1826 1742 1824
f 1827 1824 1825
f 1828 1825 1829
f 1721 1828 1829
f 1830 1949 1832
f 1866 1830 1833
f 1945 1876 1869
f 1833 1860 1859
f 1836 1835 1834
f 1838 1834 1837
f 1840 1837 1839
f 1842 1839 1841
f 1844 1841 1843
f 1846 1843 1845
f 1848 1845 1847
f 1850 1847 1849
f 1852 1849 1851
f 1854 1851 1853
f 1855 1854 1853
f 1858 1855 1857
f 1861 1857 1859
f 1862 1859 1860
f 1831 1858 1861
f 1863 1860 1864
f 1865 1864 1835
f 1944 1891 1868
f 1833 1867 1866
f 1869 1868 1867
f 1867 1868 1902
f 1870 1901 1872
f 1873 1872 1875
f 1874 1875 1876
f 1879 1876 1877
f 1880 1877 1878
f 1881 1878 1883
f 1882 1883 1884
f 1885 1882 1884
f 1889 1885 1887
f 1889 1888 1890
f 1890 1893 1891
f 1891 1894 1892
f 1892 1895 1897
f 1896 1869 1900
f 1897 1898 1899
f 1899 1900 1902
f 1902 1901 1871
f 1868 1903 1904
f 1906 1904 1903
f 1906 1932 1933
f 1906 1940 1907
f 1910 1912 1909
f 1939 1909 1911
f 1913 1914 1912
f 1914 1917 1916
f 1917 1918 1916
f 1919 1920 1918
f 1921 1922 1920
f 1923 1924 1922
f 1925 1905 1924
f 1904 1936 1934
f 1926 1928 1905
f 1927 1931 1928
f 1929 1932 1931
f 1930 1933 1932
f 1934 1935 1933
f 1936 1937 1935
f 1938 1911 1937
f 1941 1940 1908
f 1943 1942 1941
f 1946 1943 1945
f 1948 1945 1947
f 1949 1947 1832
f 1952 1951 1950
f 1972 1971 1953
f 1955 1950 1953
f 1956 1953 1954
f 1955 1963 1974
f 1954 1957 1956
f 1959 1958 1957
f 1958 1961 1963
f 1961 1964 1963
f 1963 2002 1997
f 1966 1968 1965
f 1968 1967 1965
f 1970 1973 1967
f 1973 1972 1974
f 1972 1975 1974
f 1975 1978 1977
f 1978 1979 1977
f 1982 1979 1981
f 1983 1980 1982
f 1983 1986 1985
f 1988 1986 1984
f 1991 1987 1988
f 1993 1989 1991
f 2005 1994 1992
f 1994 1990 1993
f 1995 1996 1994
f 1995 1966 1997
f 2002 1992 1998
f 1998 1999 2006
f 2003 2000 2002
f 2004 2001 2003
f 1962 2004 1964
f 2006 2007 2008
f 2009 2008 2007
f 2013 2009 2011
f 2014 2011 2012
f 2017 2014 2012
f 2016 2017 2018
f 2019 2016 2018
f 2020 2021 2019
f 2025 2022 2020
f 2026 2023 2025
f 2027 2024 2026
f 2028 2029 2027
f 2033 2030 2028
f 2032 2033 2034
f 2035 2032 2034
f 2038 2035 2036
f 2039 2036 2041
f 2040 2041 2042
f 2045 2042 2043
f 2044 2045 2043
f 2047 2044 2049
f 2048 2049 2050
f 2053 2050 2051
f 2054 2051 2052
f 2055 2052 2057
f 2056 2057 2058
f 2061 2058 2059
f 2062 2059 2060
f 2063 2060 2065
f 2064 2065 2066
f 2069 2066 2067
f 2070 2067 2068
f 2071 2068 2073
f 2072 2073 2074
f 2077 2074 2075
f 2078 2075 2076
f 2079 2076 2081
f 2080 2081 2082
f 2083 2082 1951
f 2102 2100 2085
f 2086 2085 2084
f 2084 2089 2086
f 2087 2090 2089
f 2138 2101 2103
f 2089 2121 2201
f 2203 2093 2091
f 2096 2093 2094
f 2096 2097 2095
f 2098 2099 2097
f 2102 2099 2100
f 2105 2101 2102
f 2106 2103 2105
f 2107 2104 2106
f 2108 2109 2107
f 2108 2111 2110
f 2113 2114 2112
f 2115 2088 2118
f 2112 2117 2119
f 2117 2120 2119
f 2122 2123 2121
f 2121 2115 2124
f 2124 2127 2125
f 2127 2126 2125
f 2128 2130 2126
f 2132 2129 2131
f 2135 2131 2133
f 2136 2133 2134
f 2137 2134 2139
f 2138 2139 2140
f 2143 2140 2141
f 2144 2141 2142
f 2145 2142 2147
f 2146 2147 2148
f 2151 2148 2149
f 2150 2151 2149
f 2153 2150 2155
f 2156 2153 2155
f 2159 2156 2157
f 2160 2157 2158
f 2162 2160 2158
f 2164 2161 2162
f 2165 2164 2167
f 2168 2165 2167
f 2169 2166 2168
f 2170 2171 2169
f 2175 2172 2170
f 2174 2175 2176
f 2179 2176 2177
f 2180 2177 2178
f 2183 2180 2178
f 2184 2181 2183
f 2185 2182 2184
f 2186 2187 2185
f 2189 2186 2191
f 2190 2191 2192
f 2193 2190 2192
f 2195 2193 2085
f 2198 2196 2122
f 2090 2197 2198
f 2118 2199 2120
f 2200 2201 2199
f 2201 2203 2092
f 2204 2408 2206
f 2287 2289 2417
f 2204 2210 2207
f 2207 2246 2238
f 2211 2207 2210
f 2235 2210 2241
f 2326 2297 2301
f 2244 2212 2208
f 2214 2208 2212
f 2217 2214 2215
f 2218 2215 2219
f 2222 2218 2219
f 2223 2220 2222
f 2226 2223 2224
f 2227 2224 2225
f 2228 2225 2229
f 2230 2229 2232
f 2231 2232 2233
f 2237 2233 2234
f 2237 2240 2238
f 2238 2241 2239
f 2239 2242 2243
f 2243 2213 2244
f 2247 2235 2245
f 2246 2211 2235
f 2247 2250 2248
f 2249 2250 2251
f 2249 2252 2253
f 2253 2254 2255
f 2257 2254 2256
f 2260 2256 2258
f 2261 2258 2259
f 2262 2259 2264
f 2263 2264 2265
f 2268 2265 2266
f 2269 2266 2267
f 2269 2272 2270
f 2272 2271 2270
f 2274 2271 2273
f 2275 2276 2277
f 2277 2278 2280
f 2280 2279 2281
f 2281 2284 2282
f 2285 2282 2284
f 2286 2283 2285
f 2288 2287 2286
f 2292 2288 2290
f 2293 2290 2291
f 2296 2293 2291
f 2297 2294 2296
f 2296 2299 2298
f 2300 2299 2424
f 2300 2301 2298
f 2304 2301 2303
f 2304 2308 2302
f 2306 2315 2312
f 2305 2309 2308
f 2307 2310 2309
f 2312 2311 2310
f 2313 2409 2311
f 2318 2316 2320
f 2315 2319 2317
f 2322 2320 2316
f 2325 2321 2322
f 2306 2323 2325
f 2328 2324 2306
f 2327 2328 2329
f 2332 2329 2330
f 2330 2333 2332
f 2331 2297 2333
f 2317 2334 2336
f 2336 2335 2337
f 2337 2340 2338
f 2339 2340 2341
f 2343 2341 2342
f 2343 2344 2345
f 2345 2346 2347
f 2347 2348 2350
f 2350 2349 2351
f 2352 2349 2353
f 2354 2353 2356
f 2355 2356 2357
f 2359 2357 2358
f 2359 2360 2361
f 2363 2360 2362
f 2363 2364 2366
f 2366 2365 2367
f 2367 2370 2368
f 2368 2371 2369
f 2369 2372 2374
f 2374 2373 2375
f 2375 2378 2376
f 2376 2379 2377
f 2377 2380 2382
f 2382 2381 2383
f 2383 2386 2384
f 2384 2387 2385
f 2385 2388 2390
f 2391 2388 2389
f 2391 2394 2392
f 2392 2395 2393
f 2393 2396 2398
f 2398 2397 2399
f 2399 2402 2400
f 2400 2403 2401
f 2401 2404 2406
f 2406 2405 2407
f 2205 2405 2408
f 2409 2410 2412
f 2410 2413 2412
f 2413 2415 2414
f 2414 2417 2416
f 2419 2416 2417
f 2421 2418 2419
f 2423 2420 2421
f 2424 2422 2423
f 49 48 47
f 47 46 40
f 28 27 26
f 49 47 40
f 28 26 21
f 54 49 40
f 40 28 21
f 40 21 20
f 55 54 40
f 56 55 40
f 40 20 19
f 56 40 19
f 57 56 19
f 64 63 62
f 71 65 64
f 114 72 71
f 113 114 71
f 71 64 62
f 10 7 4
f 4 1 2
f 2 182 181
f 181 180 177
f 177 175 173
f 173 171 167
f 167 166 165
f 173 167 165
f 181 177 173
f 4 2 181
f 12 10 4
f 13 12 4
f 4 181 173
f 4 173 165
f 18 13 4
f 18 4 165
f 18 165 164
f 19 18 164
f 19 164 161
f 71 62 57
f 112 113 71
f 109 112 71
f 19 161 159
f 19 159 157
f 109 71 57
f 107 109 57
f 19 157 155
f 151 150 149
f 19 155 151
f 103 107 57
f 102 103 57
f 19 151 149
f 149 148 145
f 145 143 141
f 141 137 136
f 141 136 135
f 149 145 141
f 101 102 57
f 101 57 19
f 19 149 141
f 141 135 134
f 141 134 131
f 100 101 19
f 97 100 19
f 19 141 131
f 19 131 127
f 95 97 19
f 87 90 93
f 93 95 19
f 19 127 126
f 19 126 124
f 120 87 93
f 121 120 93
f 19 124 122
f 122 121 93
f 3 184 2
f 3 1 4
f 29 27 28
f 28 5 4
f 4 7 9
f 4 9 37
f 30 29 28
f 35 30 28
f 4 37 36
f 36 35 28
f 5 42 6
f 9 7 8
f 7 10 11
f 10 12 14
f 12 13 15
f 168 169 170
f 170 172 174
f 174 176 178
f 178 179 183
f 183 184 3
f 3 6 8
f 3 8 11
f 178 183 3
f 170 174 178
f 163 168 170
f 163 170 178
f 178 3 11
f 178 11 14
f 162 163 178
f 162 178 14
f 162 14 15
f 160 162 15
f 160 15 16
f 158 160 16
f 158 16 17
f 156 158 17
f 156 17 22
f 154 156 22
f 154 22 23
f 147 152 153
f 153 154 23
f 24 25 41
f 153 23 24
f 146 147 153
f 142 144 146
f 139 140 142
f 133 138 139
f 132 133 139
f 139 142 146
f 146 153 24
f 146 24 41
f 132 139 146
f 130 132 146
f 146 41 43
f 43 44 45
f 45 50 51
f 45 51 52
f 146 43 45
f 129 130 146
f 128 129 146
f 146 45 52
f 146 52 53
f 125 128 146
f 123 125 146
f 60 61 66
f 66 67 68
f 68 70 115
f 68 115 111
f 60 66 68
f 59 60 68
f 68 111 110
f 68 110 108
f 58 59 68
f 123 146 53
f 119 123 53
f 53 58 68
f 53 68 108
f 88 119 53
f 89 86 88
f 92 89 88
f 53 108 106
f 53 106 105
f 94 92 88
f 96 94 88
f 53 105 104
f 53 104 99
f 98 96 88
f 53 99 98
f 18 16 15
f 19 17 16
f 20 22 17
f 21 23 22
f 26 24 23
f 27 25 24
f 29 31 25
f 30 32 31
f 39 8 6
f 6 42 41
f 41 25 31
f 41 31 32
f 38 39 6
f 34 38 6
f 41 32 33
f 33 34 6
f 30 35 33
f 35 36 34
f 36 37 38
f 37 9 39
f 28 40 43
f 5 28 41
f 46 44 43
f 47 45 44
f 48 50 45
f 48 49 51
f 49 54 52
f 54 55 53
f 55 56 58
f 58 56 57
f 62 60 59
f 62 63 61
f 66 61 63
f 67 66 64
f 68 67 65
f 69 68 71
f 117 70 68
f 68 69 75
f 68 75 78
f 91 117 68
f 86 89 91
f 84 86 91
f 91 68 78
f 91 78 79
f 82 84 91
f 91 79 80
f 76 74 73
f 73 71 72
f 73 72 118
f 77 76 73
f 81 77 73
f 73 118 116
f 116 90 87
f 116 87 85
f 81 73 116
f 116 85 83
f 73 74 75
f 76 78 75
f 77 79 78
f 81 80 79
f 81 83 82
f 83 85 84
f 85 87 86
f 87 120 88
f 93 90 89
f 90 116 91
f 95 93 92
f 97 95 94
f 100 97 96
f 101 100 98
f 102 101 99
f 103 102 104
f 103 105 106
f 107 106 108
f 109 108 110
f 112 110 111
f 113 111 115
f 114 115 70
f 118 117 91
f 72 70 117
f 120 121 119
f 121 122 123
f 122 124 125
f 124 126 128
f 126 127 129
f 127 131 130
f 131 134 132
f 134 135 133
f 133 135 136
f 137 139 138
f 141 140 139
f 142 140 141
f 144 142 143
f 146 144 145
f 147 146 148
f 152 147 149
f 153 152 150
f 154 153 151
f 156 154 155
f 158 156 157
f 160 158 159
f 162 160 161
f 163 162 164
f 168 163 165
f 169 168 166
f 170 169 167
f 172 170 171
f 174 172 173
f 176 174 175
f 178 176 177
f 179 178 180
f 183 179 181
f 184 183 182
f 188 189 186
f 186 324 187
f 301 300 295
f 295 294 293
f 292 289 285
f 295 293 292
f 302 301 295
f 307 303 302
f 311 309 307
f 315 314 311
f 317 316 315
f 323 322 317
f 185 187 323
f 190 188 185
f 196 191 190
f 198 197 196
f 260 199 198
f 259 260 198
f 196 190 185
f 259 198 196
f 255 259 196
f 196 185 323
f 323 317 315
f 315 311 307
f 307 302 295
f 295 292 285
f 307 295 285
f 323 315 307
f 255 196 323
f 254 255 323
f 323 307 285
f 323 285 284
f 252 254 323
f 250 252 323
f 323 284 283
f 282 277 276
f 323 283 282
f 248 250 323
f 247 248 323
f 323 282 276
f 323 276 274
f 246 247 323
f 241 246 323
f 323 274 273
f 323 273 272
f 240 241 323
f 240 323 272
f 267 266 265
f 240 272 267
f 239 240 267
f 267 265 264
f 228 227 230
f 267 264 228
f 238 239 267
f 228 230 232
f 238 267 228
f 190 192 189
f 191 193 192
f 218 219 221
f 221 223 224
f 218 221 224
f 214 217 218
f 235 210 214
f 236 235 214
f 214 218 224
f 214 224 229
f 237 236 214
f 237 214 229
f 261 262 263
f 237 229 261
f 242 237 261
f 261 263 268
f 261 268 269
f 242 261 269
f 242 269 270
f 243 242 270
f 243 270 271
f 244 243 271
f 244 271 275
f 245 244 275
f 278 279 280
f 245 275 278
f 249 245 278
f 249 278 280
f 251 249 280
f 251 280 281
f 253 251 281
f 253 281 286
f 253 286 287
f 287 288 290
f 290 291 296
f 296 297 298
f 298 299 304
f 304 305 306
f 306 308 310
f 310 312 313
f 313 318 319
f 319 320 321
f 321 324 186
f 186 189 192
f 192 193 194
f 194 195 200
f 200 201 202
f 200 202 258
f 186 192 194
f 194 200 258
f 194 258 257
f 321 186 194
f 313 319 321
f 306 310 313
f 298 304 306
f 290 296 298
f 287 290 298
f 298 306 313
f 313 321 194
f 194 257 256
f 253 287 298
f 194 256 253
f 298 313 194
f 196 194 193
f 197 195 194
f 198 200 195
f 199 201 200
f 204 203 201
f 234 202 201
f 201 203 205
f 205 207 209
f 209 210 235
f 233 234 201
f 209 235 233
f 201 205 209
f 206 205 203
f 207 205 206
f 209 207 208
f 210 209 211
f 222 220 216
f 216 215 213
f 213 212 211
f 211 208 206
f 206 204 199
f 199 260 231
f 231 230 227
f 226 225 222
f 231 227 226
f 206 199 231
f 213 211 206
f 222 216 213
f 231 226 222
f 213 206 231
f 214 210 212
f 215 217 214
f 216 218 217
f 220 219 218
f 221 219 220
f 223 221 222
f 226 224 223
f 227 229 224
f 228 261 229
f 233 230 231
f 235 232 230
f 235 236 238
f 237 239 238
f 242 240 239
f 243 241 240
f 244 246 241
f 244 245 247
f 245 249 248
f 249 251 250
f 251 253 252
f 253 256 254
f 256 257 255
f 257 258 259
f 259 258 202
f 234 231 260
f 264 262 261
f 264 265 263
f 266 268 263
f 267 269 268
f 272 270 269
f 271 270 272
f 275 271 273
f 278 275 274
f 279 278 276
f 280 279 277
f 281 280 282
f 286 281 283
f 285 287 286
f 289 288 287
f 292 290 288
f 293 291 290
f 296 291 293
f 297 296 294
f 298 297 295
f 299 298 300
f 302 304 299
f 303 305 304
f 306 305 303
f 308 306 307
f 311 310 308
f 314 312 310
f 315 313 312
f 318 313 315
f 319 318 316
f 320 319 317
f 321 320 322
f 324 321 323
f 326 325 327
f 344 342 341
f 344 341 340
f 345 344 340
f 345 340 337
f 350 345 337
f 335 331 330
f 350 337 335
f 353 352 351
f 351 350 335
f 335 330 328
f 335 328 325
f 353 351 335
f 359 358 353
f 359 353 335
f 335 325 326
f 451 449 448
f 335 326 451
f 360 359 335
f 365 364 362
f 362 360 335
f 335 451 448
f 448 447 444
f 335 448 444
f 365 362 335
f 371 370 365
f 371 365 335
f 335 444 442
f 440 438 434
f 335 442 440
f 372 371 335
f 379 378 373
f 373 372 335
f 335 440 434
f 434 433 432
f 335 434 432
f 379 373 335
f 381 380 379
f 388 386 381
f 390 388 381
f 335 432 431
f 428 426 422
f 335 431 428
f 390 381 379
f 392 390 379
f 335 428 422
f 422 421 387
f 387 389 418
f 387 418 417
f 394 392 379
f 396 394 379
f 422 387 417
f 422 417 416
f 396 379 335
f 397 396 335
f 422 416 413
f 422 413 409
f 401 397 335
f 404 401 335
f 335 422 409
f 335 409 408
f 405 404 335
f 335 408 406
f 329 327 325
f 332 329 328
f 331 333 332
f 366 367 368
f 366 368 369
f 363 366 369
f 363 369 374
f 361 363 374
f 375 376 377
f 361 374 375
f 355 356 357
f 357 361 375
f 375 377 382
f 375 382 383
f 355 357 375
f 349 354 355
f 349 355 375
f 375 383 384
f 385 423 424
f 375 384 385
f 348 349 375
f 343 346 347
f 347 348 375
f 375 385 424
f 424 425 427
f 375 424 427
f 343 347 375
f 338 339 343
f 338 343 375
f 375 427 429
f 430 435 436
f 375 429 430
f 336 338 375
f 332 333 334
f 334 336 375
f 375 430 436
f 436 437 439
f 375 436 439
f 332 334 375
f 327 329 332
f 327 332 375
f 375 439 441
f 443 445 446
f 375 441 443
f 453 327 375
f 446 450 452
f 452 453 375
f 375 443 446
f 335 334 333
f 334 335 337
f 337 340 338
f 339 338 340
f 341 342 343
f 343 342 344
f 345 347 346
f 347 345 350
f 348 350 351
f 354 349 351
f 354 352 353
f 353 358 356
f 357 356 358
f 357 359 360
f 360 362 363
f 364 366 363
f 364 365 367
f 365 370 368
f 371 369 368
f 369 371 372
f 372 373 375
f 376 375 373
f 378 379 377
f 377 379 380
f 381 383 382
f 381 386 384
f 386 387 385
f 389 387 386
f 388 390 391
f 391 420 389
f 393 391 390
f 395 393 392
f 398 395 394
f 399 398 396
f 403 407 410
f 410 411 412
f 412 414 415
f 415 419 420
f 420 391 393
f 393 395 398
f 398 399 400
f 400 402 403
f 403 410 412
f 412 415 420
f 420 393 398
f 398 400 403
f 403 412 420
f 400 399 397
f 402 400 401
f 403 402 404
f 407 403 405
f 410 407 406
f 411 410 408
f 413 412 411
f 416 414 412
f 415 414 416
f 418 419 415
f 389 420 419
f 423 385 387
f 421 422 424
f 422 426 425
f 427 425 426
f 428 431 429
f 431 432 430
f 435 430 432
f 433 434 436
f 434 438 437
f 439 437 438
f 439 440 442
f 442 444 443
f 445 443 444
f 445 447 448
f 446 448 449
f 452 450 449
f 451 326 453
f 455 852 456
f 835 836 840
f 840 842 844
f 844 846 848
f 848 850 853
f 853 455 454
f 454 457 459
f 459 460 465
f 465 466 467
f 467 468 472
f 472 475 476
f 476 477 478
f 472 476 478
f 465 467 472
f 454 459 465
f 848 853 454
f 840 844 848
f 833 835 840
f 833 840 848
f 848 454 465
f 465 472 478
f 465 478 483
f 833 848 465
f 832 833 465
f 832 465 483
f 831 832 483
f 831 483 517
f 794 831 517
f 794 517 521
f 761 794 521
f 761 521 522
f 759 761 522
f 759 522 523
f 753 754 755
f 755 759 523
f 524 528 531
f 755 523 524
f 752 753 755
f 747 749 752
f 742 745 747
f 856 854 742
f 704 705 856
f 696 702 704
f 697 695 696
f 699 698 697
f 606 607 699
f 602 604 606
f 599 601 602
f 871 600 599
f 560 872 871
f 876 875 560
f 536 877 876
f 533 535 536
f 531 532 533
f 755 524 531
f 747 752 755
f 856 742 747
f 696 704 856
f 699 697 696
f 602 606 699
f 871 599 602
f 876 560 871
f 533 536 876
f 755 531 533
f 856 747 755
f 699 696 856
f 871 602 699
f 533 876 871
f 856 755 533
f 871 699 856
f 454 456 458
f 458 461 459
f 461 462 460
f 479 474 473
f 473 471 470
f 470 469 464
f 464 463 462
f 462 461 458
f 458 456 852
f 852 851 849
f 849 847 845
f 845 843 841
f 841 839 838
f 838 837 834
f 830 795 803
f 841 838 834
f 834 830 803
f 834 803 806
f 845 841 834
f 852 849 845
f 462 458 852
f 470 464 462
f 479 473 470
f 481 480 479
f 516 481 479
f 479 470 462
f 462 852 845
f 845 834 806
f 845 806 808
f 516 479 462
f 512 516 462
f 845 808 811
f 845 811 812
f 511 512 462
f 510 511 462
f 845 812 813
f 462 845 813
f 509 510 462
f 509 462 813
f 509 813 815
f 506 509 815
f 506 815 817
f 502 506 817
f 482 485 486
f 780 518 484
f 484 482 486
f 484 486 492
f 760 763 765
f 796 762 760
f 797 796 760
f 760 765 771
f 760 771 772
f 797 760 772
f 797 772 773
f 827 797 773
f 826 827 773
f 825 826 773
f 822 825 773
f 818 822 773
f 817 818 773
f 484 492 494
f 502 817 773
f 501 502 773
f 501 773 774
f 499 501 774
f 499 774 779
f 498 499 779
f 780 484 494
f 497 498 779
f 780 494 497
f 462 463 465
f 463 464 466
f 464 469 467
f 469 470 468
f 470 471 472
f 471 473 475
f 473 474 476
f 474 479 477
f 479 480 478
f 478 480 482
f 485 482 480
f 480 481 487
f 482 484 517
f 487 488 490
f 490 486 485
f 489 488 487
f 505 504 503
f 503 500 496
f 496 495 493
f 493 491 490
f 490 488 489
f 489 515 514
f 514 513 508
f 508 507 505
f 505 503 496
f 496 493 490
f 490 489 514
f 514 508 505
f 505 496 490
f 491 492 486
f 491 493 494
f 495 497 494
f 495 496 498
f 496 500 499
f 500 503 501
f 501 503 504
f 504 505 506
f 506 505 507
f 507 508 510
f 510 508 513
f 511 513 514
f 515 516 512
f 489 481 516
f 484 519 521
f 534 530 529
f 529 527 526
f 529 526 525
f 537 534 529
f 540 538 537
f 541 540 537
f 537 529 525
f 541 537 525
f 888 541 525
f 888 525 520
f 887 888 520
f 519 484 518
f 886 887 520
f 520 519 518
f 520 518 783
f 885 886 520
f 885 520 783
f 885 783 786
f 882 885 786
f 882 786 787
f 882 787 788
f 882 788 790
f 882 790 792
f 764 763 760
f 792 764 760
f 792 760 758
f 882 792 758
f 757 756 751
f 882 758 757
f 878 882 757
f 757 751 750
f 750 748 746
f 746 744 727
f 727 725 726
f 727 726 731
f 750 746 727
f 878 757 750
f 559 557 558
f 878 750 727
f 559 558 878
f 566 563 559
f 568 566 559
f 559 878 727
f 727 731 733
f 727 733 736
f 568 559 727
f 570 568 727
f 570 727 736
f 571 570 736
f 571 736 737
f 576 571 737
f 576 737 738
f 577 576 738
f 577 738 740
f 578 577 740
f 578 740 711
f 580 578 711
f 710 708 706
f 580 711 710
f 581 580 710
f 710 706 703
f 703 693 687
f 687 686 685
f 687 685 682
f 710 703 687
f 586 581 710
f 589 588 587
f 589 587 586
f 626 598 589
f 628 626 589
f 589 586 710
f 710 687 682
f 710 682 678
f 631 628 589
f 632 631 589
f 710 678 677
f 710 677 675
f 632 589 710
f 633 632 710
f 710 675 673
f 710 673 671
f 635 633 710
f 636 635 710
f 710 671 670
f 710 670 669
f 640 636 710
f 608 611 612
f 612 640 710
f 612 710 669
f 610 608 612
f 644 610 612
f 612 669 664
f 612 664 663
f 645 644 612
f 649 645 612
f 612 663 661
f 661 659 656
f 661 656 654
f 649 612 661
f 652 649 661
f 661 654 653
f 519 520 522
f 520 525 523
f 525 526 524
f 526 527 528
f 527 529 531
f 529 530 532
f 530 534 533
f 534 537 535
f 537 538 536
f 538 539 877
f 556 557 559
f 559 562 874
f 874 539 538
f 538 540 542
f 538 542 548
f 559 874 538
f 551 556 559
f 550 551 559
f 538 548 549
f 549 550 559
f 541 544 543
f 540 543 545
f 547 546 545
f 545 543 544
f 544 890 889
f 889 884 883
f 883 881 880
f 880 879 555
f 555 554 553
f 553 552 547
f 547 545 544
f 544 889 883
f 883 880 555
f 555 553 547
f 547 544 883
f 545 546 548
f 547 549 548
f 552 550 549
f 553 551 550
f 553 554 556
f 555 557 556
f 879 558 557
f 559 561 872
f 562 559 560
f 596 873 561
f 561 559 563
f 561 563 565
f 589 596 561
f 590 588 589
f 561 565 595
f 595 590 589
f 594 565 563
f 564 563 566
f 568 569 567
f 570 572 569
f 573 572 570
f 585 591 592
f 592 593 594
f 594 564 567
f 567 569 572
f 572 573 574
f 574 575 579
f 579 582 583
f 583 584 585
f 585 592 594
f 594 567 572
f 572 574 579
f 579 583 585
f 585 594 572
f 576 574 573
f 577 575 574
f 579 575 577
f 582 579 578
f 583 582 580
f 584 583 581
f 584 586 587
f 591 585 587
f 591 588 590
f 592 590 595
f 594 593 595
f 596 589 599
f 614 611 608
f 608 605 603
f 603 597 589
f 589 598 623
f 589 623 622
f 608 603 589
f 616 614 608
f 589 622 617
f 617 616 608
f 599 589 597
f 601 597 603
f 602 603 605
f 604 605 608
f 606 608 609
f 858 857 694
f 694 700 701
f 701 609 608
f 608 610 643
f 608 643 867
f 694 701 608
f 864 858 694
f 865 864 694
f 608 867 866
f 866 865 694
f 613 641 612
f 615 613 611
f 615 614 616
f 619 618 616
f 625 627 629
f 629 630 634
f 634 637 638
f 638 639 641
f 641 613 615
f 615 618 619
f 619 620 621
f 621 624 625
f 625 629 634
f 634 638 641
f 641 615 619
f 619 621 625
f 625 634 641
f 620 619 617
f 620 622 623
f 621 623 598
f 624 598 626
f 625 626 628
f 631 629 627
f 632 630 629
f 634 630 632
f 635 637 634
f 638 637 635
f 639 638 636
f 641 639 640
f 642 870 643
f 642 610 644
f 646 644 645
f 861 862 863
f 863 868 869
f 869 870 642
f 642 646 647
f 647 648 650
f 650 651 655
f 655 657 860
f 860 859 861
f 861 863 869
f 869 642 647
f 647 650 655
f 655 860 861
f 861 869 647
f 647 645 649
f 652 650 648
f 651 650 652
f 655 651 653
f 656 657 655
f 860 657 656
f 688 686 687
f 687 694 857
f 658 656 659
f 687 857 658
f 690 688 687
f 658 659 660
f 660 690 687
f 661 662 692
f 692 660 659
f 662 661 663
f 665 663 664
f 680 681 683
f 683 684 689
f 689 691 692
f 692 662 665
f 665 666 667
f 667 668 672
f 672 674 676
f 676 679 680
f 680 683 689
f 689 692 665
f 665 667 672
f 672 676 680
f 680 689 665
f 666 664 669
f 668 667 669
f 671 672 668
f 673 674 672
f 675 676 674
f 677 679 676
f 680 679 677
f 681 680 678
f 683 681 682
f 683 685 686
f 684 686 688
f 691 689 688
f 691 690 660
f 695 687 693
f 695 697 694
f 698 700 694
f 699 701 700
f 607 609 701
f 702 696 693
f 702 703 706
f 704 706 707
f 723 725 727
f 727 743 855
f 855 707 706
f 706 708 709
f 706 709 716
f 727 855 706
f 721 723 727
f 720 721 727
f 706 716 719
f 719 720 727
f 708 710 712
f 712 714 709
f 712 710 711
f 734 732 730
f 730 729 728
f 728 724 722
f 722 718 717
f 717 715 714
f 714 712 713
f 713 741 739
f 739 735 734
f 734 730 728
f 728 722 717
f 717 714 713
f 713 739 734
f 734 728 717
f 714 715 716
f 715 717 719
f 717 718 720
f 718 722 721
f 721 722 724
f 723 724 728
f 728 729 726
f 726 729 730
f 731 730 732
f 734 736 733
f 735 737 736
f 739 738 737
f 741 740 738
f 741 713 711
f 854 743 727
f 742 727 744
f 747 745 744
f 749 747 746
f 749 748 750
f 753 752 750
f 754 753 751
f 754 756 757
f 755 757 758
f 761 759 758
f 761 760 762
f 767 766 763
f 766 768 765
f 770 769 768
f 768 766 767
f 767 793 791
f 791 789 785
f 785 784 782
f 782 781 778
f 778 777 776
f 776 775 770
f 770 768 767
f 767 791 785
f 785 782 778
f 778 776 770
f 770 767 785
f 765 768 769
f 771 769 770
f 772 770 775
f 775 776 774
f 774 776 777
f 778 780 779
f 781 518 780
f 782 783 518
f 784 786 783
f 784 785 787
f 785 789 788
f 791 790 788
f 791 793 792
f 793 767 764
f 794 762 795
f 802 803 795
f 795 762 796
f 795 796 798
f 800 802 795
f 797 829 799
f 799 798 796
f 801 800 798
f 801 804 802
f 803 802 804
f 804 805 806
f 809 807 805
f 805 804 801
f 801 799 829
f 829 828 824
f 824 823 821
f 821 820 819
f 819 816 814
f 814 810 809
f 809 805 801
f 801 829 824
f 824 821 819
f 819 814 809
f 809 801 824
f 805 807 808
f 808 807 809
f 809 810 812
f 810 814 813
f 813 814 816
f 816 819 817
f 820 818 817
f 821 822 818
f 823 825 822
f 824 826 825
f 828 827 826
f 828 829 797
f 831 795 830
f 832 830 834
f 835 833 834
f 835 837 838
f 836 838 839
f 840 839 841
f 842 841 843
f 844 843 845
f 846 845 847
f 848 847 849
f 850 849 851
f 853 851 852
f 856 855 743
f 705 707 855
f 861 859 857
f 859 860 658
f 862 861 858
f 863 862 864
f 863 865 866
f 868 866 867
f 870 869 867
f 871 873 596
f 561 873 871
f 874 562 875
f 539 874 876
f 879 880 878
f 881 882 878
f 881 883 885
f 883 884 886
f 884 889 887
f 887 889 890
f 890 544 541
f 891 894 895
f 923 893 891
f 894 891 893
f 893 924 921
f 921 919 915
f 915 914 913
f 913 907 906
f 906 904 903
f 903 902 897
f 897 896 894
f 894 893 921
f 921 915 913
f 913 906 903
f 903 897 894
f 894 921 913
f 895 894 896
f 898 896 897
f 941 942 943
f 941 943 944
f 938 941 944
f 938 944 948
f 909 910 936
f 936 938 948
f 951 952 953
f 936 948 951
f 908 909 936
f 905 908 936
f 936 951 953
f 953 954 959
f 936 953 959
f 901 905 936
f 900 901 936
f 936 959 960
f 961 963 964
f 936 960 961
f 900 936 961
f 961 964 968
f 961 968 970
f 899 900 961
f 898 899 961
f 961 970 972
f 974 976 978
f 961 972 974
f 895 898 961
f 892 895 961
f 961 974 978
f 978 980 982
f 961 978 982
f 923 892 961
f 922 923 961
f 961 982 984
f 986 989 990
f 961 984 986
f 922 961 986
f 986 990 991
f 986 991 992
f 920 922 986
f 918 920 986
f 986 992 996
f 999 1000 1001
f 986 996 999
f 917 918 986
f 925 912 916
f 917 986 999
f 925 916 917
f 926 925 917
f 917 999 1001
f 1001 1002 1007
f 917 1001 1007
f 1018 926 917
f 1012 1016 1018
f 1009 1011 1012
f 917 1007 1008
f 1009 1012 1018
f 917 1008 1009
f 897 902 900
f 900 902 903
f 903 904 905
f 904 906 908
f 908 906 907
f 928 929 933
f 933 910 909
f 911 912 925
f 933 909 911
f 925 928 933
f 907 913 911
f 912 911 913
f 913 914 916
f 914 915 917
f 917 915 919
f 918 919 921
f 920 921 924
f 922 924 893
f 927 925 926
f 927 930 928
f 929 928 930
f 967 966 965
f 967 965 962
f 969 967 962
f 969 962 958
f 971 969 958
f 957 956 955
f 971 958 957
f 977 975 973
f 973 971 957
f 957 955 950
f 957 950 949
f 977 973 957
f 981 979 977
f 981 977 957
f 957 949 947
f 946 945 940
f 957 947 946
f 983 981 957
f 988 987 985
f 985 983 957
f 957 946 940
f 940 939 937
f 957 940 937
f 988 985 957
f 994 993 988
f 994 988 957
f 957 937 935
f 934 932 931
f 957 935 934
f 995 994 957
f 1003 998 997
f 997 995 957
f 957 934 931
f 931 930 927
f 957 931 927
f 1003 997 957
f 1005 1004 1003
f 1005 1003 957
f 957 927 1019
f 1017 1015 1014
f 957 1019 1017
f 1006 1005 957
f 1014 1013 1010
f 1010 1006 957
f 957 1017 1014
f 933 929 931
f 933 932 934
f 936 910 934
f 938 936 935
f 937 939 941
f 940 942 941
f 943 942 940
f 943 945 946
f 947 948 944
f 949 951 948
f 949 950 952
f 953 952 950
f 956 954 953
f 954 956 957
f 958 960 959
f 962 961 960
f 961 962 965
f 966 964 963
f 968 964 966
f 968 967 969
f 972 970 969
f 974 972 971
f 974 973 975
f 975 977 978
f 977 979 980
f 979 981 982
f 984 982 981
f 986 984 983
f 985 987 989
f 990 989 987
f 993 991 990
f 993 994 992
f 996 992 994
f 999 996 995
f 997 998 1000
f 1001 1000 998
f 1002 1001 1003
f 1004 1005 1007
f 1008 1007 1005
f 1009 1008 1006
f 1010 1013 1011
f 1014 1012 1011
f 1016 1012 1014
f 1016 1015 1017
f 1019 926 1018
f 1022 1020 1021
f 1021 1114 1095
f 1095 1094 1096
f 1096 1097 1099
f 1099 1101 1103
f 1103 1105 1107
f 1107 1108 1112
f 1112 1113 1022
f 1022 1021 1095
f 1095 1096 1099
f 1099 1103 1107
f 1107 1112 1022
f 1022 1095 1099
f 1021 1020 1023
f 1023 1020 1022
f 1025 1027 1028
f 1028 1091 1087
f 1087 1086 1085
f 1085 1084 1079
f 1079 1077 1078
f 1079 1078 1092
f 1087 1085 1079
f 1025 1028 1087
f 1023 1025 1087
f 1087 1079 1092
f 1087 1092 1115
f 1024 1023 1087
f 1022 1113 1026
f 1078 1077 1076
f 1076 1075 1070
f 1070 1069 1068
f 1068 1067 1062
f 1062 1061 1060
f 1060 1059 1054
f 1054 1053 1052
f 1052 1051 1046
f 1046 1045 1044
f 1044 1043 1038
f 1038 1037 1036
f 1036 1035 1029
f 1029 1027 1025
f 1029 1025 1026
f 1038 1036 1029
f 1046 1044 1038
f 1054 1052 1046
f 1062 1060 1054
f 1070 1068 1062
f 1078 1076 1070
f 1093 1078 1070
f 1070 1062 1054
f 1054 1046 1038
f 1038 1029 1026
f 1038 1026 1111
f 1070 1054 1038
f 1098 1093 1070
f 1100 1098 1070
f 1038 1111 1110
f 1038 1110 1109
f 1102 1100 1070
f 1104 1102 1070
f 1038 1109 1106
f 1104 1070 1038
f 1030 1031 1028
f 1029 1032 1030
f 1082 1083 1088
f 1088 1089 1090
f 1090 1031 1030
f 1030 1032 1033
f 1033 1034 1039
f 1039 1040 1041
f 1041 1042 1047
f 1047 1048 1049
f 1049 1050 1055
f 1055 1056 1057
f 1057 1058 1063
f 1063 1064 1065
f 1065 1066 1071
f 1071 1072 1073
f 1073 1074 1080
f 1080 1081 1082
f 1082 1088 1090
f 1090 1030 1033
f 1033 1039 1041
f 1041 1047 1049
f 1049 1055 1057
f 1057 1063 1065
f 1065 1071 1073
f 1073 1080 1082
f 1082 1090 1033
f 1033 1041 1049
f 1049 1057 1065
f 1065 1073 1082
f 1082 1033 1049
f 1035 1033 1032
f 1036 1034 1033
f 1037 1039 1034
f 1040 1039 1037
f 1043 1041 1040
f 1044 1042 1041
f 1047 1042 1044
f 1048 1047 1045
f 1049 1048 1046
f 1050 1049 1051
f 1055 1050 1052
f 1056 1055 1053
f 1057 1056 1054
f 1058 1057 1059
f 1063 1058 1060
f 1064 1063 1061
f 1065 1064 1062
f 1066 1065 1067
f 1071 1066 1068
f 1072 1071 1069
f 1073 1072 1070
f 1074 1073 1075
f 1080 1074 1076
f 1081 1080 1077
f 1082 1081 1079
f 1083 1082 1084
f 1088 1083 1085
f 1089 1088 1086
f 1090 1089 1087
f 1031 1090 1091
f 1078 1094 1095
f 1096 1094 1078
f 1098 1097 1096
f 1100 1099 1097
f 1101 1099 1100
f 1101 1102 1104
f 1105 1103 1104
f 1107 1105 1106
f 1108 1107 1109
f 1112 1108 1110
f 1026 1113 1112
f 1095 1114 1115
f 1114 1021 1024
f 1116 1119 1120
f 1137 1136 1135
f 1135 1134 1131
f 1131 1127 1126
f 1126 1125 1124
f 1124 1118 1116
f 1116 1117 1386
f 1386 1384 1380
f 1380 1379 1378
f 1378 1377 1372
f 1372 1371 1370
f 1370 1369 1366
f 1366 1298 1327
f 1366 1327 1325
f 1372 1370 1366
f 1380 1378 1372
f 1116 1386 1380
f 1126 1124 1116
f 1135 1131 1126
f 1142 1137 1135
f 1574 1143 1142
f 1573 1574 1142
f 1142 1135 1126
f 1126 1116 1380
f 1380 1372 1366
f 1366 1325 1324
f 1366 1324 1323
f 1573 1142 1126
f 1572 1573 1126
f 1380 1366 1323
f 1380 1323 1320
f 1567 1572 1126
f 1566 1567 1126
f 1126 1380 1320
f 1126 1320 1316
f 1566 1126 1316
f 1566 1316 1315
f 1565 1566 1315
f 1565 1315 1314
f 1303 1301 1297
f 1297 1300 1335
f 1303 1297 1335
f 1305 1303 1335
f 1305 1335 1363
f 1307 1305 1363
f 1307 1363 1362
f 1308 1307 1362
f 1308 1362 1357
f 1313 1308 1357
f 1314 1313 1357
f 1144 1145 1545
f 1354 1147 1146
f 1355 1354 1146
f 1146 1144 1545
f 1146 1545 1552
f 1565 1314 1357
f 1564 1565 1357
f 1564 1357 1356
f 1559 1564 1356
f 1146 1552 1553
f 1355 1146 1553
f 1559 1356 1355
f 1558 1559 1355
f 1355 1553 1554
f 1556 1558 1355
f 1116 1118 1121
f 1367 1368 1373
f 1373 1374 1375
f 1375 1376 1381
f 1381 1382 1383
f 1383 1385 1120
f 1120 1119 1121
f 1121 1122 1123
f 1123 1128 1129
f 1129 1130 1132
f 1132 1133 1138
f 1138 1139 1140
f 1132 1138 1140
f 1123 1129 1132
f 1120 1121 1123
f 1381 1383 1120
f 1373 1375 1381
f 1365 1367 1373
f 1365 1373 1381
f 1381 1120 1123
f 1123 1132 1140
f 1123 1140 1141
f 1365 1381 1123
f 1364 1365 1123
f 1364 1123 1141
f 1299 1364 1141
f 1299 1141 1149
f 1294 1299 1149
f 1294 1149 1150
f 1292 1290 1293
f 1293 1294 1150
f 1293 1150 1151
f 1388 1292 1293
f 1392 1391 1388
f 1403 1404 1392
f 1160 1401 1397
f 1397 1403 1392
f 1388 1293 1151
f 1397 1392 1388
f 1159 1160 1397
f 1157 1158 1159
f 1388 1151 1152
f 1152 1157 1159
f 1159 1397 1388
f 1124 1122 1121
f 1125 1123 1122
f 1126 1128 1123
f 1127 1129 1128
f 1131 1130 1129
f 1134 1132 1130
f 1135 1133 1132
f 1136 1138 1133
f 1136 1137 1139
f 1142 1140 1139
f 1142 1144 1141
f 1144 1142 1143
f 1546 1145 1144
f 1146 1149 1141
f 1163 1162 1161
f 1161 1156 1155
f 1161 1155 1154
f 1164 1163 1161
f 1170 1169 1164
f 1172 1171 1170
f 1496 1493 1172
f 1497 1496 1172
f 1172 1170 1164
f 1164 1161 1154
f 1172 1164 1154
f 1498 1497 1172
f 1499 1498 1172
f 1499 1172 1154
f 1503 1499 1154
f 1503 1154 1153
f 1400 1473 1475
f 1475 1503 1153
f 1148 1146 1147
f 1400 1475 1153
f 1153 1148 1147
f 1153 1147 1348
f 1399 1400 1153
f 1396 1399 1153
f 1153 1348 1347
f 1153 1347 1345
f 1395 1396 1153
f 1387 1395 1153
f 1153 1345 1343
f 1387 1153 1343
f 1394 1393 1390
f 1387 1343 1342
f 1410 1394 1390
f 1387 1342 1341
f 1387 1341 1334
f 1334 1300 1297
f 1334 1297 1296
f 1387 1334 1296
f 1387 1296 1295
f 1390 1387 1295
f 1390 1295 1291
f 1411 1408 1410
f 1410 1390 1291
f 1289 1287 1283
f 1410 1291 1289
f 1413 1411 1410
f 1440 1413 1410
f 1410 1289 1283
f 1283 1282 1281
f 1281 1280 1277
f 1277 1271 1270
f 1270 1267 1268
f 1270 1268 1511
f 1281 1277 1270
f 1410 1283 1281
f 1439 1440 1410
f 1438 1439 1410
f 1410 1281 1270
f 1270 1511 1512
f 1410 1270 1512
f 1438 1410 1512
f 1438 1512 1513
f 1190 1191 1435
f 1435 1438 1513
f 1435 1513 1515
f 1192 1190 1435
f 1198 1197 1192
f 1202 1199 1198
f 1204 1202 1198
f 1198 1192 1435
f 1435 1515 1517
f 1435 1517 1519
f 1543 1204 1198
f 1541 1543 1198
f 1435 1519 1253
f 1253 1230 1229
f 1253 1229 1231
f 1541 1198 1435
f 1539 1541 1435
f 1253 1231 1232
f 1253 1232 1233
f 1538 1539 1435
f 1537 1538 1435
f 1435 1253 1233
f 1435 1233 1238
f 1534 1537 1435
f 1532 1534 1435
f 1435 1238 1239
f 1435 1239 1240
f 1528 1532 1435
f 1527 1528 1435
f 1435 1240 1242
f 1435 1242 1244
f 1525 1527 1435
f 1525 1435 1244
f 1525 1244 1246
f 1213 1525 1246
f 1213 1246 1247
f 1215 1214 1212
f 1212 1213 1247
f 1212 1247 1251
f 1222 1220 1215
f 1215 1212 1251
f 1148 1150 1149
f 1153 1151 1150
f 1154 1152 1151
f 1155 1157 1152
f 1156 1158 1157
f 1156 1161 1159
f 1161 1162 1160
f 1163 1165 1160
f 1164 1166 1165
f 1279 1284 1285
f 1285 1286 1288
f 1288 1290 1292
f 1389 1391 1392
f 1288 1292 1389
f 1279 1285 1288
f 1276 1278 1279
f 1273 1275 1276
f 1505 1274 1273
f 1218 1507 1505
f 1522 1521 1218
f 1201 1523 1522
f 1195 1196 1201
f 1193 1194 1195
f 1186 1187 1193
f 1183 1184 1186
f 1176 1182 1183
f 1174 1175 1176
f 1168 1173 1174
f 1166 1167 1168
f 1160 1165 1166
f 1402 1401 1160
f 1404 1403 1402
f 1405 1404 1402
f 1402 1160 1166
f 1166 1168 1174
f 1174 1176 1183
f 1183 1186 1193
f 1193 1195 1201
f 1201 1522 1218
f 1218 1505 1273
f 1273 1276 1279
f 1279 1288 1389
f 1389 1392 1409
f 1407 1405 1402
f 1279 1389 1409
f 1407 1402 1166
f 1273 1279 1409
f 1407 1166 1174
f 1218 1273 1409
f 1407 1174 1183
f 1218 1409 1407
f 1193 1201 1218
f 1407 1183 1193
f 1164 1169 1167
f 1169 1170 1168
f 1171 1173 1168
f 1172 1174 1173
f 1177 1175 1174
f 1179 1176 1175
f 1178 1177 1172
f 1172 1493 1491
f 1172 1491 1487
f 1461 1178 1172
f 1462 1461 1172
f 1172 1487 1486
f 1462 1172 1486
f 1463 1462 1486
f 1463 1486 1484
f 1465 1463 1484
f 1465 1484 1483
f 1466 1465 1483
f 1466 1483 1482
f 1471 1466 1482
f 1471 1482 1477
f 1471 1477 1476
f 1476 1473 1400
f 1398 1396 1395
f 1476 1400 1398
f 1471 1476 1398
f 1398 1395 1393
f 1393 1394 1406
f 1406 1408 1411
f 1406 1411 1414
f 1398 1393 1406
f 1472 1471 1398
f 1422 1423 1444
f 1444 1472 1398
f 1398 1406 1414
f 1398 1414 1415
f 1422 1444 1398
f 1421 1422 1398
f 1398 1415 1420
f 1431 1191 1190
f 1190 1189 1188
f 1188 1185 1181
f 1181 1180 1179
f 1179 1177 1178
f 1179 1178 1456
f 1188 1181 1179
f 1431 1190 1188
f 1430 1431 1188
f 1188 1179 1456
f 1188 1456 1454
f 1429 1430 1188
f 1423 1422 1424
f 1424 1429 1188
f 1188 1454 1452
f 1188 1452 1451
f 1423 1424 1188
f 1443 1423 1188
f 1188 1451 1450
f 1180 1182 1176
f 1181 1183 1182
f 1185 1184 1183
f 1188 1186 1184
f 1189 1187 1186
f 1189 1190 1193
f 1190 1192 1194
f 1192 1197 1195
f 1196 1195 1197
f 1199 1201 1196
f 1200 1523 1201
f 1209 1214 1215
f 1215 1217 1524
f 1524 1200 1199
f 1199 1202 1203
f 1203 1209 1215
f 1215 1524 1199
f 1205 1207 1203
f 1204 1206 1205
f 1526 1211 1210
f 1210 1208 1207
f 1207 1205 1206
f 1206 1544 1542
f 1542 1540 1536
f 1536 1535 1533
f 1533 1531 1530
f 1530 1529 1526
f 1526 1210 1207
f 1207 1206 1542
f 1542 1536 1533
f 1533 1530 1526
f 1526 1207 1542
f 1207 1208 1209
f 1209 1208 1210
f 1210 1212 1214
f 1212 1210 1211
f 1507 1218 1215
f 1266 1267 1270
f 1270 1272 1506
f 1506 1216 1215
f 1215 1219 1258
f 1215 1258 1260
f 1270 1506 1215
f 1265 1266 1270
f 1215 1260 1262
f 1262 1265 1270
f 1218 1521 1217
f 1224 1229 1230
f 1230 1219 1215
f 1215 1220 1223
f 1223 1224 1230
f 1220 1221 1225
f 1252 1221 1220
f 1223 1225 1226
f 1234 1228 1227
f 1227 1226 1225
f 1225 1221 1252
f 1252 1250 1249
f 1249 1248 1245
f 1245 1243 1241
f 1241 1237 1236
f 1236 1235 1234
f 1234 1227 1225
f 1225 1252 1249
f 1249 1245 1241
f 1241 1236 1234
f 1234 1225 1249
f 1224 1226 1227
f 1229 1227 1228
f 1231 1228 1234
f 1234 1235 1233
f 1235 1236 1238
f 1236 1237 1239
f 1237 1241 1240
f 1241 1243 1242
f 1243 1245 1244
f 1245 1248 1246
f 1248 1249 1247
f 1249 1250 1251
f 1250 1252 1222
f 1255 1254 1230
f 1254 1256 1219
f 1259 1257 1256
f 1256 1254 1255
f 1255 1520 1518
f 1518 1516 1514
f 1514 1510 1509
f 1509 1508 1269
f 1269 1264 1263
f 1263 1261 1259
f 1259 1256 1255
f 1255 1518 1514
f 1514 1509 1269
f 1269 1263 1259
f 1259 1255 1514
f 1256 1257 1258
f 1257 1259 1260
f 1259 1261 1262
f 1262 1261 1263
f 1263 1264 1266
f 1264 1269 1267
f 1267 1269 1508
f 1275 1273 1270
f 1273 1274 1272
f 1276 1275 1271
f 1278 1276 1277
f 1281 1279 1278
f 1282 1284 1279
f 1285 1284 1282
f 1286 1285 1283
f 1289 1288 1286
f 1290 1288 1289
f 1293 1290 1291
f 1294 1293 1295
f 1299 1294 1296
f 1364 1299 1297
f 1327 1298 1297
f 1297 1301 1302
f 1297 1302 1331
f 1329 1327 1297
f 1301 1303 1304
f 1304 1333 1302
f 1304 1303 1305
f 1306 1305 1307
f 1310 1309 1307
f 1318 1319 1321
f 1321 1322 1326
f 1326 1328 1330
f 1330 1332 1333
f 1333 1304 1306
f 1306 1309 1310
f 1310 1311 1312
f 1312 1317 1318
f 1318 1321 1326
f 1326 1330 1333
f 1333 1306 1310
f 1310 1312 1318
f 1318 1326 1333
f 1311 1310 1308
f 1312 1311 1313
f 1317 1312 1314
f 1318 1317 1315
f 1319 1318 1316
f 1323 1321 1319
f 1324 1322 1321
f 1325 1326 1322
f 1327 1328 1326
f 1329 1330 1328
f 1332 1330 1329
f 1333 1332 1331
f 1338 1336 1300
f 1300 1336 1337
f 1353 1358 1359
f 1359 1360 1361
f 1361 1337 1336
f 1336 1338 1339
f 1339 1340 1344
f 1344 1346 1349
f 1349 1350 1351
f 1351 1352 1353
f 1353 1359 1361
f 1361 1336 1339
f 1339 1344 1349
f 1349 1351 1353
f 1353 1361 1339
f 1341 1339 1338
f 1340 1339 1341
f 1344 1340 1342
f 1346 1344 1343
f 1349 1346 1345
f 1350 1349 1347
f 1351 1350 1348
f 1352 1351 1147
f 1353 1352 1354
f 1356 1358 1353
f 1359 1358 1356
f 1362 1360 1359
f 1363 1361 1360
f 1337 1361 1363
f 1366 1365 1364
f 1367 1365 1366
f 1368 1367 1369
f 1373 1368 1370
f 1374 1373 1371
f 1375 1374 1372
f 1376 1375 1377
f 1381 1376 1378
f 1382 1381 1379
f 1383 1382 1380
f 1385 1383 1384
f 1120 1385 1386
f 1387 1390 1389
f 1388 1395 1387
f 1390 1393 1391
f 1391 1393 1395
f 1399 1396 1397
f 1396 1398 1403
f 1400 1399 1401
f 1400 1402 1403
f 1392 1404 1405
f 1405 1406 1394
f 1408 1406 1405
f 1410 1408 1407
f 1410 1409 1392
f 1411 1412 1416
f 1442 1412 1411
f 1414 1416 1417
f 1419 1418 1417
f 1417 1416 1412
f 1412 1442 1441
f 1441 1437 1436
f 1436 1434 1433
f 1433 1432 1428
f 1428 1427 1426
f 1426 1425 1419
f 1419 1417 1412
f 1412 1441 1436
f 1436 1433 1428
f 1428 1426 1419
f 1419 1412 1436
f 1415 1417 1418
f 1420 1418 1419
f 1419 1425 1422
f 1425 1426 1424
f 1426 1427 1429
f 1427 1428 1430
f 1428 1432 1431
f 1432 1433 1191
f 1433 1434 1435
f 1435 1434 1436
f 1436 1437 1439
f 1437 1441 1440
f 1441 1442 1413
f 1443 1447 1445
f 1423 1445 1446
f 1460 1464 1467
f 1467 1468 1469
f 1469 1470 1446
f 1446 1445 1447
f 1447 1448 1449
f 1449 1453 1455
f 1455 1457 1458
f 1458 1459 1460
f 1460 1467 1469
f 1469 1446 1447
f 1447 1449 1455
f 1455 1458 1460
f 1460 1469 1447
f 1448 1447 1443
f 1451 1449 1448
f 1452 1453 1449
f 1455 1453 1452
f 1457 1455 1454
f 1458 1457 1456
f 1459 1458 1178
f 1460 1459 1461
f 1464 1460 1462
f 1467 1464 1463
f 1468 1467 1465
f 1471 1469 1468
f 1469 1471 1472
f 1444 1446 1470
f 1474 1504 1475
f 1478 1474 1473
f 1479 1478 1476
f 1500 1501 1502
f 1502 1504 1474
f 1474 1478 1479
f 1479 1480 1481
f 1481 1485 1488
f 1488 1489 1490
f 1490 1492 1494
f 1494 1495 1500
f 1500 1502 1474
f 1474 1479 1481
f 1481 1488 1490
f 1490 1494 1500
f 1500 1474 1481
f 1482 1480 1479
f 1481 1480 1482
f 1485 1481 1483
f 1488 1485 1484
f 1489 1488 1486
f 1491 1490 1489
f 1493 1492 1490
f 1494 1492 1493
f 1495 1494 1496
f 1498 1500 1495
f 1501 1500 1498
f 1503 1502 1501
f 1504 1502 1503
f 1272 1274 1505
f 1505 1507 1216
f 1268 1508 1509
f 1511 1509 1510
f 1512 1510 1514
f 1514 1516 1515
f 1516 1518 1517
f 1518 1520 1519
f 1520 1255 1253
f 1521 1522 1524
f 1522 1523 1200
f 1213 1211 1526
f 1526 1529 1527
f 1527 1529 1530
f 1530 1531 1532
f 1531 1533 1534
f 1533 1535 1537
f 1535 1536 1538
f 1536 1540 1539
f 1540 1542 1541
f 1542 1544 1543
f 1543 1544 1206
f 1145 1546 1547
f 1547 1549 1545
f 1548 1547 1546
f 1570 1569 1568
f 1568 1563 1562
f 1562 1561 1560
f 1560 1557 1555
f 1555 1551 1550
f 1550 1549 1547
f 1547 1548 1575
f 1575 1571 1570
f 1570 1568 1562
f 1562 1560 1555
f 1555 1550 1547
f 1547 1575 1570
f 1570 1562 1555
f 1545 1549 1550
f 1550 1551 1553
f 1551 1555 1554
f 1555 1557 1556
f 1560 1558 1556
f 1561 1559 1558
f 1559 1561 1562
f 1564 1562 1563
f 1565 1563 1568
f 1566 1568 1569
f 1567 1569 1570
f 1570 1571 1573
f 1571 1575 1574
f 1575 1548 1143
f 1605 1599 1629
f 1629 1625 1633
f 1629 1633 1634
f 1606 1605 1629
f 1607 1606 1629
f 1629 1634 1635
f 1637 1638 1642
f 1607 1629 1635
f 1637 1642 1644
f 1607 1635 1637
f 1608 1607 1637
f 1637 1644 1646
f 1646 1648 1651
f 1651 1652 1653
f 1653 1654 1659
f 1659 1660 1661
f 1661 1662 1667
f 1667 1668 1669
f 1669 1670 1675
f 1675 1676 1677
f 1677 1678 1683
f 1683 1684 1685
f 1685 1686 1691
f 1691 1692 1693
f 1693 1694 1699
f 1699 1700 1701
f 1701 1702 1707
f 1701 1707 1708
f 1693 1699 1701
f 1685 1691 1693
f 1677 1683 1685
f 1669 1675 1677
f 1661 1667 1669
f 1653 1659 1661
f 1646 1651 1653
f 1613 1608 1637
f 1637 1646 1653
f 1653 1661 1669
f 1669 1677 1685
f 1685 1693 1701
f 1701 1708 1577
f 1685 1701 1577
f 1653 1669 1685
f 1613 1637 1653
f 1614 1613 1653
f 1653 1685 1577
f 1653 1577 1576
f 1615 1614 1653
f 1616 1615 1653
f 1653 1576 1579
f 1579 1580 1585
f 1585 1586 1587
f 1587 1589 1623
f 1587 1623 1622
f 1579 1585 1587
f 1616 1653 1579
f 1587 1622 1621
f 1621 1616 1579
f 1577 1709 1578
f 1579 1576 1578
f 1580 1579 1581
f 1679 1674 1673
f 1673 1672 1671
f 1671 1666 1665
f 1665 1664 1663
f 1663 1658 1657
f 1657 1656 1655
f 1655 1650 1649
f 1649 1647 1645
f 1645 1643 1641
f 1641 1640 1639
f 1645 1641 1639
f 1655 1649 1645
f 1663 1657 1655
f 1671 1665 1663
f 1679 1673 1671
f 1681 1680 1679
f 1687 1682 1681
f 1689 1688 1687
f 1695 1690 1689
f 1697 1696 1695
f 1703 1698 1697
f 1705 1704 1703
f 1706 1705 1703
f 1703 1697 1695
f 1695 1689 1687
f 1687 1681 1679
f 1679 1671 1663
f 1663 1655 1645
f 1663 1645 1639
f 1687 1679 1663
f 1703 1695 1687
f 1709 1706 1703
f 1709 1703 1687
f 1687 1663 1639
f 1687 1639 1636
f 1578 1709 1687
f 1583 1582 1581
f 1581 1578 1687
f 1687 1636 1632
f 1632 1626 1603
f 1603 1602 1604
f 1603 1604 1609
f 1687 1632 1603
f 1584 1583 1581
f 1581 1687 1603
f 1603 1609 1610
f 1581 1603 1610
f 1590 1584 1581
f 1593 1591 1590
f 1594 1593 1590
f 1581 1610 1611
f 1581 1611 1612
f 1624 1594 1590
f 1620 1624 1590
f 1581 1612 1617
f 1581 1617 1618
f 1620 1590 1581
f 1581 1618 1619
f 1582 1583 1585
f 1583 1584 1586
f 1590 1587 1586
f 1596 1589 1587
f 1587 1588 1631
f 1631 1630 1629
f 1629 1599 1598
f 1597 1596 1587
f 1629 1598 1597
f 1587 1631 1629
f 1591 1588 1587
f 1592 1631 1588
f 1627 1628 1592
f 1592 1591 1593
f 1592 1593 1595
f 1603 1627 1592
f 1601 1602 1603
f 1592 1595 1600
f 1600 1601 1603
f 1596 1593 1594
f 1597 1595 1593
f 1598 1600 1595
f 1599 1601 1600
f 1605 1602 1601
f 1606 1604 1602
f 1607 1609 1604
f 1608 1610 1609
f 1608 1613 1611
f 1613 1614 1612
f 1614 1615 1617
f 1615 1616 1618
f 1616 1621 1619
f 1621 1622 1620
f 1622 1623 1624
f 1624 1623 1589
f 1603 1625 1629
f 1626 1633 1625
f 1627 1629 1630
f 1628 1630 1631
f 1632 1634 1633
f 1634 1632 1636
f 1635 1636 1639
f 1637 1639 1640
f 1638 1640 1641
f 1642 1641 1643
f 1644 1643 1645
f 1646 1645 1647
f 1648 1647 1649
f 1651 1649 1650
f 1652 1650 1655
f 1653 1655 1656
f 1654 1656 1657
f 1659 1657 1658
f 1660 1658 1663
f 1661 1663 1664
f 1662 1664 1665
f 1667 1665 1666
f 1668 1666 1671
f 1669 1671 1672
f 1670 1672 1673
f 1675 1673 1674
f 1676 1674 1679
f 1677 1679 1680
f 1678 1680 1681
f 1683 1681 1682
f 1684 1682 1687
f 1685 1687 1688
f 1691 1686 1688
f 1691 1689 1690
f 1692 1690 1695
f 1694 1693 1695
f 1699 1694 1696
f 1700 1699 1697
f 1700 1698 1703
f 1702 1701 1703
f 1702 1704 1705
f 1708 1707 1705
f 1708 1706 1709
f 1710 1711 1822
f 1739 1740 1749
f 1749 1745 1755
f 1755 1756 1757
f 1757 1759 1761
f 1761 1762 1767
f 1767 1768 1769
f 1769 1770 1775
f 1775 1776 1777
f 1777 1778 1783
f 1783 1784 1785
f 1785 1786 1790
f 1790 1792 1795
f 1795 1796 1797
f 1797 1798 1803
f 1803 1804 1805
f 1805 1806 1811
f 1811 1812 1813
f 1813 1814 1818
f 1813 1818 1820
f 1805 1811 1813
f 1797 1803 1805
f 1790 1795 1797
f 1783 1785 1790
f 1775 1777 1783
f 1767 1769 1775
f 1757 1761 1767
f 1749 1755 1757
f 1738 1739 1749
f 1737 1738 1749
f 1757 1767 1775
f 1775 1783 1790
f 1790 1797 1805
f 1805 1813 1820
f 1805 1820 1823
f 1775 1790 1805
f 1737 1749 1757
f 1734 1737 1757
f 1775 1805 1823
f 1711 1710 1713
f 1775 1823 1711
f 1734 1757 1775
f 1730 1734 1775
f 1775 1711 1713
f 1713 1716 1718
f 1713 1718 1719
f 1729 1730 1775
f 1728 1729 1775
f 1775 1713 1719
f 1775 1719 1724
f 1727 1728 1775
f 1712 1715 1713
f 1717 1716 1713
f 1713 1714 1751
f 1751 1750 1749
f 1749 1740 1826
f 1749 1826 1827
f 1713 1751 1749
f 1828 1717 1713
f 1749 1827 1828
f 1715 1753 1714
f 1721 1720 1718
f 1718 1716 1717
f 1719 1718 1720
f 1807 1802 1801
f 1801 1800 1799
f 1799 1794 1793
f 1793 1791 1789
f 1789 1788 1787
f 1787 1782 1781
f 1781 1780 1779
f 1779 1774 1773
f 1773 1772 1771
f 1771 1766 1765
f 1765 1764 1763
f 1763 1760 1758
f 1758 1754 1746
f 1746 1744 1743
f 1746 1743 1736
f 1763 1758 1746
f 1771 1765 1763
f 1779 1773 1771
f 1787 1781 1779
f 1793 1789 1787
f 1801 1799 1793
f 1808 1807 1801
f 1810 1809 1808
f 1816 1815 1810
f 1819 1817 1816
f 1821 1819 1816
f 1816 1810 1808
f 1808 1801 1793
f 1793 1787 1779
f 1779 1771 1763
f 1746 1736 1735
f 1746 1735 1733
f 1779 1763 1746
f 1808 1793 1779
f 1821 1816 1808
f 1715 1712 1822
f 1822 1821 1808
f 1746 1733 1732
f 1746 1732 1731
f 1822 1808 1779
f 1753 1715 1822
f 1720 1721 1753
f 1722 1720 1753
f 1822 1779 1746
f 1722 1753 1822
f 1723 1722 1822
f 1822 1746 1731
f 1822 1731 1726
f 1725 1723 1822
f 1724 1719 1722
f 1724 1723 1725
f 1727 1725 1726
f 1728 1726 1731
f 1729 1731 1732
f 1730 1732 1733
f 1734 1733 1735
f 1737 1735 1736
f 1741 1739 1738
f 1738 1736 1743
f 1740 1739 1741
f 1741 1743 1744
f 1744 1747 1748
f 1748 1752 1753
f 1753 1721 1829
f 1753 1829 1825
f 1744 1748 1753
f 1742 1741 1744
f 1753 1825 1824
f 1824 1742 1744
f 1744 1745 1749
f 1746 1755 1745
f 1747 1749 1750
f 1752 1748 1750
f 1753 1752 1751
f 1754 1756 1755
f 1758 1757 1756
f 1757 1758 1760
f 1759 1760 1763
f 1761 1763 1764
f 1762 1764 1765
f 1767 1765 1766
f 1768 1766 1771
f 1769 1771 1772
f 1770 1772 1773
f 1775 1773 1774
f 1776 1774 1779
f 1777 1779 1780
f 1778 1780 1781
f 1784 1783 1781
f 1784 1782 1787
f 1786 1785 1787
f 1790 1786 1788
f 1792 1790 1789
f 1795 1792 1791
f 1795 1793 1794
f 1797 1796 1794
f 1798 1797 1799
f 1798 1800 1801
f 1803 1801 1802
f 1805 1804 1802
f 1805 1807 1808
f 1811 1806 1808
f 1812 1811 1809
f 1812 1810 1815
f 1814 1813 1815
f 1818 1814 1816
f 1818 1817 1819
f 1820 1819 1821
f 1823 1821 1822
f 1826 1740 1742
f 1827 1826 1824
f 1828 1827 1825
f 1721 1717 1828
f 1830 1831 1949
f 1866 1831 1830
f 1837 1834 1830
f 1832 1947 1945
f 1943 1941 1908
f 1908 1906 1909
f 1908 1909 1912
f 1908 1912 1914
f 1908 1914 1916
f 1908 1916 1918
f 1908 1918 1920
f 1943 1908 1920
f 1943 1920 1922
f 1943 1922 1924
f 1924 1905 1903
f 1896 1895 1894
f 1896 1894 1893
f 1943 1924 1903
f 1903 1896 1893
f 1903 1893 1888
f 1945 1943 1903
f 1837 1830 1832
f 1839 1837 1832
f 1945 1903 1888
f 1841 1839 1832
f 1843 1841 1832
f 1945 1888 1887
f 1945 1887 1885
f 1845 1843 1832
f 1847 1845 1832
f 1945 1885 1884
f 1945 1884 1883
f 1847 1832 1945
f 1833 1851 1849
f 1849 1847 1945
f 1945 1883 1878
f 1945 1878 1877
f 1833 1849 1945
f 1875 1872 1869
f 1945 1877 1876
f 1876 1875 1869
f 1869 1833 1945
f 1853 1851 1833
f 1830 1834 1835
f 1830 1835 1864
f 1855 1853 1833
f 1857 1855 1833
f 1833 1830 1864
f 1833 1864 1860
f 1859 1857 1833
f 1836 1865 1835
f 1838 1836 1834
f 1840 1838 1837
f 1842 1840 1839
f 1844 1842 1841
f 1846 1844 1843
f 1848 1846 1845
f 1850 1848 1847
f 1852 1850 1849
f 1854 1852 1851
f 1855 1856 1854
f 1858 1856 1855
f 1861 1858 1857
f 1862 1861 1859
f 1865 1836 1831
f 1866 1852 1854
f 1866 1854 1856
f 1863 1865 1831
f 1862 1863 1831
f 1831 1866 1856
f 1831 1856 1858
f 1861 1862 1831
f 1863 1862 1860
f 1865 1863 1864
f 1913 1910 1907
f 1940 1942 1944
f 1946 1948 1949
f 1949 1831 1836
f 1949 1836 1838
f 1949 1838 1840
f 1949 1840 1842
f 1949 1842 1844
f 1949 1844 1846
f 1946 1949 1846
f 1946 1846 1848
f 1946 1848 1850
f 1850 1852 1866
f 1867 1870 1873
f 1867 1873 1874
f 1946 1850 1866
f 1866 1867 1874
f 1866 1874 1879
f 1944 1946 1866
f 1913 1907 1940
f 1915 1913 1940
f 1944 1866 1879
f 1917 1915 1940
f 1919 1917 1940
f 1944 1879 1880
f 1944 1880 1881
f 1921 1919 1940
f 1923 1921 1940
f 1944 1881 1882
f 1944 1882 1886
f 1923 1940 1944
f 1904 1926 1925
f 1925 1923 1944
f 1944 1886 1889
f 1944 1889 1890
f 1904 1925 1944
f 1892 1897 1868
f 1944 1890 1891
f 1891 1892 1868
f 1868 1904 1944
f 1833 1869 1867
f 1869 1896 1868
f 1871 1870 1867
f 1868 1897 1899
f 1902 1871 1867
f 1868 1899 1902
f 1870 1871 1901
f 1873 1870 1872
f 1874 1873 1875
f 1879 1874 1876
f 1880 1879 1877
f 1881 1880 1878
f 1882 1881 1883
f 1885 1886 1882
f 1889 1886 1885
f 1889 1887 1888
f 1890 1888 1893
f 1891 1893 1894
f 1892 1894 1895
f 1898 1895 1896
f 1869 1872 1901
f 1900 1898 1896
f 1869 1901 1900
f 1897 1895 1898
f 1899 1898 1900
f 1902 1900 1901
f 1868 1896 1903
f 1906 1907 1904
f 1911 1909 1906
f 1903 1905 1928
f 1903 1928 1931
f 1937 1911 1906
f 1935 1937 1906
f 1906 1903 1931
f 1906 1931 1932
f 1933 1935 1906
f 1906 1908 1940
f 1910 1913 1912
f 1939 1910 1909
f 1913 1915 1914
f 1914 1915 1917
f 1917 1919 1918
f 1919 1921 1920
f 1921 1923 1922
f 1923 1925 1924
f 1925 1926 1905
f 1927 1926 1904
f 1907 1910 1939
f 1907 1939 1938
f 1929 1927 1904
f 1930 1929 1904
f 1904 1907 1938
f 1904 1938 1936
f 1934 1930 1904
f 1926 1927 1928
f 1927 1929 1931
f 1929 1930 1932
f 1930 1934 1933
f 1934 1936 1935
f 1936 1938 1937
f 1938 1939 1911
f 1941 1942 1940
f 1943 1944 1942
f 1946 1944 1943
f 1948 1946 1945
f 1949 1948 1947
f 1952 2083 1951
f 2051 2050 2049
f 2049 2044 2043
f 2043 2042 2041
f 2041 2036 2035
f 2035 2034 2033
f 2033 2028 2027
f 2027 2026 2025
f 2025 2020 2019
f 2019 2018 2017
f 2017 2012 2011
f 2019 2017 2011
f 2027 2025 2019
f 2035 2033 2027
f 2043 2041 2035
f 2051 2049 2043
f 2057 2052 2051
f 2059 2058 2057
f 2065 2060 2059
f 2067 2066 2065
f 2073 2068 2067
f 2075 2074 2073
f 2081 2076 2075
f 2082 2081 2075
f 2075 2073 2067
f 2067 2065 2059
f 2059 2057 2051
f 2051 2043 2035
f 2035 2027 2019
f 2035 2019 2011
f 2059 2051 2035
f 2075 2067 2059
f 1951 2082 2075
f 1951 2075 2059
f 2059 2035 2011
f 2059 2011 2009
f 1950 1951 2059
f 1959 1954 1953
f 1953 1950 2059
f 2059 2009 2007
f 2007 1999 1992
f 1992 1991 1988
f 1992 1988 1984
f 2059 2007 1992
f 1960 1959 1953
f 1953 2059 1992
f 1992 1984 1983
f 1953 1992 1983
f 1961 1960 1953
f 1969 1962 1961
f 1968 1969 1961
f 1953 1983 1982
f 1953 1982 1981
f 1970 1968 1961
f 1971 1970 1961
f 1953 1981 1978
f 1953 1978 1976
f 1971 1961 1953
f 1953 1976 1972
f 1955 1952 1950
f 1956 1955 1953
f 1989 1990 2002
f 2002 1998 2006
f 2002 2006 2008
f 1987 1989 2002
f 1986 1987 2002
f 2002 2008 2010
f 2013 2014 2015
f 1986 2002 2010
f 2013 2015 2016
f 1986 2010 2013
f 1985 1986 2013
f 2013 2016 2021
f 2021 2022 2023
f 2023 2024 2029
f 2029 2030 2031
f 2031 2032 2037
f 2037 2038 2039
f 2039 2040 2045
f 2045 2046 2047
f 2047 2048 2053
f 2053 2054 2055
f 2055 2056 2061
f 2061 2062 2063
f 2063 2064 2069
f 2069 2070 2071
f 2071 2072 2077
f 2077 2078 2079
f 2077 2079 2080
f 2069 2071 2077
f 2061 2063 2069
f 2053 2055 2061
f 2045 2047 2053
f 2037 2039 2045
f 2029 2031 2037
f 2021 2023 2029
f 1980 1985 2013
f 2013 2021 2029
f 2029 2037 2045
f 2045 2053 2061
f 2061 2069 2077
f 2077 2080 2083
f 2061 2077 2083
f 2029 2045 2061
f 1980 2013 2029
f 1979 1980 2029
f 2029 2061 2083
f 2029 2083 1952
f 1977 1979 2029
f 1975 1977 2029
f 2029 1952 1955
f 1955 1956 1957
f 1957 1958 1963
f 1963 1965 1967
f 1963 1967 1973
f 1955 1957 1963
f 1975 2029 1955
f 1963 1973 1974
f 1974 1975 1955
f 1954 1959 1957
f 1959 1960 1958
f 1958 1960 1961
f 1961 1962 1964
f 1966 1965 1963
f 1963 1964 2004
f 2004 2003 2002
f 2002 1990 1996
f 1997 1966 1963
f 2002 1996 1997
f 1963 2004 2002
f 1966 1969 1968
f 1968 1970 1967
f 1970 1971 1973
f 1973 1971 1972
f 1972 1976 1975
f 1975 1976 1978
f 1978 1981 1979
f 1982 1980 1979
f 1983 1985 1980
f 1983 1984 1986
f 1988 1987 1986
f 1991 1989 1987
f 1993 1990 1989
f 2000 2001 2005
f 2005 1962 1969
f 2005 1969 1995
f 1992 2000 2005
f 1993 1991 1992
f 2005 1995 1994
f 1994 1993 1992
f 1994 1996 1990
f 1995 1997 1996
f 1995 1969 1966
f 2002 2000 1992
f 1998 1992 1999
f 2003 2001 2000
f 2004 2005 2001
f 1962 2005 2004
f 2006 1999 2007
f 2009 2010 2008
f 2013 2010 2009
f 2014 2013 2011
f 2017 2015 2014
f 2016 2015 2017
f 2019 2021 2016
f 2020 2022 2021
f 2025 2023 2022
f 2026 2024 2023
f 2027 2029 2024
f 2028 2030 2029
f 2033 2031 2030
f 2032 2031 2033
f 2035 2037 2032
f 2038 2037 2035
f 2039 2038 2036
f 2040 2039 2041
f 2045 2040 2042
f 2044 2046 2045
f 2047 2046 2044
f 2048 2047 2049
f 2053 2048 2050
f 2054 2053 2051
f 2055 2054 2052
f 2056 2055 2057
f 2061 2056 2058
f 2062 2061 2059
f 2063 2062 2060
f 2064 2063 2065
f 2069 2064 2066
f 2070 2069 2067
f 2071 2070 2068
f 2072 2071 2073
f 2077 2072 2074
f 2078 2077 2075
f 2079 2078 2076
f 2080 2079 2081
f 2083 2080 2082
f 2177 2176 2175
f 2175 2170 2169
f 2169 2168 2167
f 2167 2164 2162
f 2162 2158 2157
f 2157 2156 2155
f 2155 2150 2149
f 2149 2148 2147
f 2147 2142 2141
f 2141 2140 2139
f 2139 2134 2133
f 2133 2131 2129
f 2129 2128 2127
f 2127 2115 2114
f 2127 2114 2113
f 2133 2129 2127
f 2141 2139 2133
f 2149 2147 2141
f 2157 2155 2149
f 2167 2162 2157
f 2175 2169 2167
f 2178 2177 2175
f 2184 2183 2178
f 2186 2185 2184
f 2192 2191 2186
f 2193 2192 2186
f 2186 2184 2178
f 2178 2175 2167
f 2167 2157 2149
f 2149 2141 2133
f 2127 2113 2108
f 2127 2108 2107
f 2149 2133 2127
f 2178 2167 2149
f 2193 2186 2178
f 2087 2084 2085
f 2085 2193 2178
f 2127 2107 2106
f 2127 2106 2105
f 2085 2178 2149
f 2088 2087 2085
f 2094 2203 2088
f 2096 2094 2088
f 2085 2149 2127
f 2096 2088 2085
f 2098 2096 2085
f 2085 2127 2105
f 2085 2105 2102
f 2100 2098 2085
f 2086 2195 2085
f 2084 2087 2089
f 2087 2088 2090
f 2119 2121 2124
f 2124 2125 2126
f 2126 2130 2132
f 2132 2135 2136
f 2136 2137 2138
f 2138 2143 2144
f 2144 2145 2146
f 2146 2151 2152
f 2152 2153 2154
f 2154 2159 2160
f 2160 2161 2163
f 2163 2165 2166
f 2166 2171 2172
f 2172 2173 2174
f 2174 2179 2180
f 2180 2181 2182
f 2182 2187 2188
f 2188 2189 2190
f 2188 2190 2194
f 2180 2182 2188
f 2172 2174 2180
f 2163 2166 2172
f 2154 2160 2163
f 2146 2152 2154
f 2138 2144 2146
f 2132 2136 2138
f 2124 2126 2132
f 2112 2119 2124
f 2111 2112 2124
f 2124 2132 2138
f 2138 2146 2154
f 2154 2163 2172
f 2172 2180 2188
f 2188 2194 2195
f 2195 2086 2089
f 2089 2091 2093
f 2089 2093 2095
f 2172 2188 2195
f 2195 2089 2095
f 2195 2095 2097
f 2154 2172 2195
f 2110 2111 2124
f 2109 2110 2124
f 2138 2154 2195
f 2195 2097 2099
f 2195 2099 2101
f 2109 2124 2138
f 2104 2109 2138
f 2138 2195 2101
f 2103 2104 2138
f 2092 2091 2089
f 2089 2090 2198
f 2198 2122 2121
f 2121 2119 2120
f 2121 2120 2199
f 2089 2198 2121
f 2201 2092 2089
f 2121 2199 2201
f 2091 2092 2203
f 2203 2094 2093
f 2096 2095 2093
f 2096 2098 2097
f 2098 2100 2099
f 2102 2101 2099
f 2105 2103 2101
f 2106 2104 2103
f 2107 2109 2104
f 2108 2110 2109
f 2108 2113 2111
f 2112 2111 2113
f 2114 2116 2112
f 2116 2114 2115
f 2115 2123 2196
f 2196 2197 2088
f 2088 2203 2202
f 2088 2202 2200
f 2115 2196 2088
f 2117 2116 2115
f 2088 2200 2118
f 2118 2117 2115
f 2112 2116 2117
f 2117 2118 2120
f 2122 2196 2123
f 2121 2123 2115
f 2124 2115 2127
f 2127 2128 2126
f 2128 2129 2130
f 2132 2130 2129
f 2135 2132 2131
f 2136 2135 2133
f 2137 2136 2134
f 2138 2137 2139
f 2143 2138 2140
f 2144 2143 2141
f 2145 2144 2142
f 2146 2145 2147
f 2151 2146 2148
f 2150 2152 2151
f 2153 2152 2150
f 2156 2154 2153
f 2159 2154 2156
f 2160 2159 2157
f 2162 2161 2160
f 2164 2163 2161
f 2165 2163 2164
f 2168 2166 2165
f 2169 2171 2166
f 2170 2172 2171
f 2175 2173 2172
f 2174 2173 2175
f 2179 2174 2176
f 2180 2179 2177
f 2183 2181 2180
f 2184 2182 2181
f 2185 2187 2182
f 2186 2188 2187
f 2189 2188 2186
f 2190 2189 2191
f 2193 2194 2190
f 2195 2194 2193
f 2198 2197 2196
f 2090 2088 2197
f 2118 2200 2199
f 2200 2202 2201
f 2201 2202 2203
f 2204 2205 2408
f 2390 2391 2392
f 2392 2393 2398
f 2398 2399 2400
f 2400 2401 2406
f 2406 2407 2205
f 2205 2204 2207
f 2207 2208 2216
f 2207 2216 2217
f 2406 2205 2207
f 2398 2400 2406
f 2390 2392 2398
f 2390 2398 2406
f 2406 2207 2217
f 2406 2217 2218
f 2385 2390 2406
f 2385 2406 2218
f 2385 2218 2220
f 2384 2385 2220
f 2384 2220 2221
f 2383 2384 2221
f 2383 2221 2226
f 2382 2383 2226
f 2382 2226 2227
f 2377 2382 2227
f 2377 2227 2228
f 2374 2375 2376
f 2376 2377 2228
f 2230 2231 2246
f 2376 2228 2230
f 2369 2374 2376
f 2367 2368 2369
f 2363 2366 2367
f 2359 2361 2363
f 2355 2359 2363
f 2363 2367 2369
f 2369 2376 2230
f 2369 2230 2246
f 2355 2363 2369
f 2354 2355 2369
f 2369 2246 2247
f 2247 2248 2249
f 2249 2253 2255
f 2249 2255 2257
f 2369 2247 2249
f 2352 2354 2369
f 2351 2352 2369
f 2249 2257 2260
f 2351 2369 2249
f 2350 2351 2249
f 2249 2260 2261
f 2249 2261 2262
f 2347 2350 2249
f 2345 2347 2249
f 2249 2262 2263
f 2249 2263 2268
f 2343 2345 2249
f 2339 2343 2249
f 2249 2268 2269
f 2269 2270 2271
f 2269 2271 2275
f 2339 2249 2269
f 2338 2339 2269
f 2269 2275 2277
f 2269 2277 2280
f 2337 2338 2269
f 2336 2337 2269
f 2269 2280 2281
f 2269 2281 2282
f 2313 2315 2317
f 2314 2313 2317
f 2269 2282 2283
f 2336 2269 2283
f 2314 2317 2336
f 2410 2314 2336
f 2336 2283 2287
f 2411 2410 2336
f 2415 2411 2336
f 2330 2329 2328
f 2328 2306 2305
f 2328 2305 2304
f 2331 2330 2328
f 2295 2331 2328
f 2328 2304 2303
f 2328 2303 2300
f 2294 2295 2328
f 2294 2328 2300
f 2294 2300 2424
f 2293 2294 2424
f 2293 2424 2423
f 2292 2293 2423
f 2292 2423 2421
f 2289 2292 2421
f 2289 2421 2419
f 2417 2415 2336
f 2289 2419 2417
f 2417 2336 2287
f 2204 2206 2210
f 2244 2208 2207
f 2207 2209 2246
f 2246 2231 2236
f 2246 2236 2237
f 2243 2244 2207
f 2239 2243 2207
f 2246 2237 2238
f 2238 2239 2207
f 2211 2209 2207
f 2234 2233 2235
f 2235 2211 2210
f 2210 2212 2213
f 2210 2213 2242
f 2240 2234 2235
f 2210 2242 2241
f 2241 2240 2235
f 2256 2254 2252
f 2251 2250 2245
f 2256 2252 2251
f 2258 2256 2251
f 2259 2258 2251
f 2264 2259 2251
f 2265 2264 2251
f 2266 2265 2251
f 2267 2266 2251
f 2273 2272 2267
f 2274 2273 2267
f 2276 2274 2267
f 2278 2276 2267
f 2278 2267 2251
f 2279 2278 2251
f 2284 2279 2251
f 2285 2284 2251
f 2285 2251 2245
f 2286 2285 2245
f 2235 2233 2232
f 2288 2286 2245
f 2235 2232 2229
f 2290 2288 2245
f 2245 2235 2229
f 2245 2229 2225
f 2291 2290 2245
f 2422 2299 2291
f 2420 2422 2291
f 2291 2245 2225
f 2291 2225 2224
f 2418 2420 2291
f 2416 2418 2291
f 2416 2291 2224
f 2414 2416 2224
f 2413 2414 2224
f 2412 2413 2224
f 2409 2412 2224
f 2311 2409 2224
f 2310 2311 2224
f 2214 2212 2210
f 2210 2206 2408
f 2408 2405 2404
f 2404 2403 2402
f 2402 2397 2396
f 2396 2395 2394
f 2394 2389 2388
f 2396 2394 2388
f 2404 2402 2396
f 2210 2408 2404
f 2215 2214 2210
f 2219 2215 2210
f 2210 2404 2396
f 2210 2396 2388
f 2222 2219 2210
f 2222 2210 2388
f 2222 2388 2387
f 2223 2222 2387
f 2223 2387 2386
f 2224 2223 2386
f 2224 2386 2381
f 2310 2224 2381
f 2310 2381 2380
f 2310 2380 2379
f 2378 2373 2372
f 2310 2379 2378
f 2310 2378 2372
f 2372 2371 2370
f 2370 2365 2364
f 2364 2362 2360
f 2364 2360 2358
f 2372 2370 2364
f 2372 2364 2358
f 2372 2358 2357
f 2372 2357 2356
f 2372 2356 2353
f 2372 2353 2349
f 2372 2349 2348
f 2372 2348 2346
f 2372 2346 2344
f 2310 2372 2344
f 2310 2344 2342
f 2310 2342 2341
f 2310 2341 2340
f 2309 2310 2340
f 2309 2340 2335
f 2309 2335 2334
f 2309 2334 2319
f 2308 2309 2319
f 2318 2320 2321
f 2308 2319 2318
f 2302 2308 2318
f 2318 2321 2323
f 2323 2324 2326
f 2326 2327 2332
f 2326 2332 2333
f 2318 2323 2326
f 2302 2318 2326
f 2326 2333 2297
f 2297 2296 2298
f 2301 2302 2326
f 2297 2298 2301
f 2244 2213 2212
f 2214 2216 2208
f 2217 2216 2214
f 2218 2217 2215
f 2222 2220 2218
f 2223 2221 2220
f 2226 2221 2223
f 2227 2226 2224
f 2228 2227 2225
f 2230 2228 2229
f 2233 2236 2231
f 2231 2230 2232
f 2237 2236 2233
f 2237 2234 2240
f 2238 2240 2241
f 2239 2241 2242
f 2243 2242 2213
f 2247 2246 2235
f 2246 2209 2211
f 2247 2245 2250
f 2249 2248 2250
f 2249 2251 2252
f 2253 2252 2254
f 2257 2255 2254
f 2260 2257 2256
f 2261 2260 2258
f 2262 2261 2259
f 2263 2262 2264
f 2268 2263 2265
f 2269 2268 2266
f 2269 2267 2272
f 2272 2273 2271
f 2274 2275 2271
f 2275 2274 2276
f 2277 2276 2278
f 2280 2278 2279
f 2281 2279 2284
f 2285 2283 2282
f 2286 2287 2283
f 2288 2289 2287
f 2292 2289 2288
f 2293 2292 2290
f 2296 2294 2293
f 2297 2295 2294
f 2296 2291 2299
f 2300 2298 2299
f 2300 2303 2301
f 2304 2302 2301
f 2304 2305 2308
f 2307 2305 2306
f 2306 2325 2322
f 2322 2316 2315
f 2315 2313 2312
f 2312 2307 2306
f 2306 2322 2315
f 2305 2307 2309
f 2307 2312 2310
f 2312 2313 2311
f 2313 2314 2409
f 2318 2315 2316
f 2315 2318 2319
f 2322 2321 2320
f 2325 2323 2321
f 2306 2324 2323
f 2328 2326 2324
f 2327 2326 2328
f 2332 2327 2329
f 2330 2331 2333
f 2331 2295 2297
f 2317 2319 2334
f 2336 2334 2335
f 2337 2335 2340
f 2339 2338 2340
f 2343 2339 2341
f 2343 2342 2344
f 2345 2344 2346
f 2347 2346 2348
f 2350 2348 2349
f 2352 2351 2349
f 2354 2352 2353
f 2355 2354 2356
f 2359 2355 2357
f 2359 2358 2360
f 2363 2361 2360
f 2363 2362 2364
f 2366 2364 2365
f 2367 2365 2370
f 2368 2370 2371
f 2369 2371 2372
f 2374 2372 2373
f 2375 2373 2378
f 2376 2378 2379
f 2377 2379 2380
f 2382 2380 2381
f 2383 2381 2386
f 2384 2386 2387
f 2385 2387 2388
f 2391 2390 2388
f 2391 2389 2394
f 2392 2394 2395
f 2393 2395 2396
f 2398 2396 2397
f 2399 2397 2402
f 2400 2402 2403
f 2401 2403 2404
f 2406 2404 2405
f 2205 2407 2405
f 2409 2314 2410
f 2410 2411 2413
f 2413 2411 2415
f 2414 2415 2417
f 2419 2418 2416
f 2421 2420 2418
f 2423 2422 2420
f 2424 2299 2422
